<?xml version="1.0" encoding="UTF-8"?>
<LeadConvertSettings xmlns="http://soap.sforce.com/2006/04/metadata">
    <allowOwnerChange>true</allowOwnerChange>
    <objectMapping>
        <inputObject>Lead</inputObject>
        <mappingFields>
            <inputField>DonorId__c</inputField>
            <outputField>DonorId__c</outputField>
        </mappingFields>
        <mappingFields>
            <inputField>First_Visit_Code__c</inputField>
            <outputField>First_Visit_Code__c</outputField>
        </mappingFields>
        <outputObject>Account</outputObject>
    </objectMapping>
    <objectMapping>
        <inputObject>Lead</inputObject>
        <mappingFields>
            <inputField>Date_Migrated__c</inputField>
            <outputField>Date_Migrated__c</outputField>
        </mappingFields>
        <mappingFields>
            <inputField>Donations_Last_365_Days_Migrated__c</inputField>
            <outputField>Donations_Last_365_Days_Migrated__c</outputField>
        </mappingFields>
        <mappingFields>
            <inputField>isEmailVerified__c</inputField>
            <outputField>isEmailVerified__c</outputField>
        </mappingFields>
        <mappingFields>
            <inputField>Enable_Appointment_Reminders__c</inputField>
            <outputField>Enable_Appointment_Reminders__c</outputField>
        </mappingFields>
        <mappingFields>
            <inputField>Enable_Email__c</inputField>
            <outputField>Enable_Email__c</outputField>
        </mappingFields>
        <mappingFields>
            <inputField>Enable_Mobile_Push__c</inputField>
            <outputField>Enable_Mobile_Push__c</outputField>
        </mappingFields>
        <mappingFields>
            <inputField>Enable_Payment_Notifications__c</inputField>
            <outputField>Enable_Payment_Notifications__c</outputField>
        </mappingFields>
        <mappingFields>
            <inputField>Enable_SMS__c</inputField>
            <outputField>Enable_SMS__c</outputField>
        </mappingFields>
        <mappingFields>
            <inputField>How_will_you_get_to_the_Center__c</inputField>
            <outputField>How_will_you_get_to_the_Center__c</outputField>
        </mappingFields>
        <mappingFields>
            <inputField>isLegacyDonor__c</inputField>
            <outputField>isLegacyDonor__c</outputField>
        </mappingFields>
        <mappingFields>
            <inputField>Last_Donation_Date_Migrated__c</inputField>
            <outputField>Last_Donation_Date_Migrated__c</outputField>
        </mappingFields>
        <mappingFields>
            <inputField>Last_Used_Center__c</inputField>
            <outputField>Last_Used_Center__c</outputField>
        </mappingFields>
        <mappingFields>
            <inputField>et4ae5__Mobile_Country_Code__c</inputField>
            <outputField>et4ae5__Mobile_Country_Code__c</outputField>
        </mappingFields>
        <mappingFields>
            <inputField>et4ae5__HasOptedOutOfMobile__c</inputField>
            <outputField>et4ae5__HasOptedOutOfMobile__c</outputField>
        </mappingFields>
        <mappingFields>
            <inputField>Preferred_Name__c</inputField>
            <outputField>Preferred_Name__c</outputField>
        </mappingFields>
        <mappingFields>
            <inputField>isSMSVerified__c</inputField>
            <outputField>isSMSVerified__c</outputField>
        </mappingFields>
        <mappingFields>
            <inputField>Street_Line_2__c</inputField>
            <outputField>Street_Line_2__c</outputField>
        </mappingFields>
        <outputObject>Contact</outputObject>
    </objectMapping>
    <opportunityCreationOptions>VisibleOptional</opportunityCreationOptions>
</LeadConvertSettings>
