<?xml version="1.0" encoding="UTF-8"?>
<CustomMetadata xmlns="http://soap.sforce.com/2006/04/metadata" xmlns:xsi="http://www.w3.org/2001/XMLSchema-instance" xmlns:xsd="http://www.w3.org/2001/XMLSchema">
    <label>Signature</label>
    <protected>false</protected>
    <values>
        <field>Donation_Payment__c</field>
        <value xsi:type="xsd:double">50.0</value>
    </values>
    <values>
        <field>Donation_Points__c</field>
        <value xsi:type="xsd:double">100.0</value>
    </values>
    <values>
        <field>Donation_Threshold__c</field>
        <value xsi:type="xsd:double">30.0</value>
    </values>
    <values>
        <field>Schedule_Rights__c</field>
        <value xsi:type="xsd:string">Default</value>
    </values>
    <values>
        <field>Threshold_Payment__c</field>
        <value xsi:type="xsd:double">50.0</value>
    </values>
    <values>
        <field>Threshold_Points__c</field>
        <value xsi:type="xsd:double">0.0</value>
    </values>
</CustomMetadata>
