<?xml version="1.0" encoding="UTF-8"?>
<CustomMetadata xmlns="http://soap.sforce.com/2006/04/metadata" xmlns:xsi="http://www.w3.org/2001/XMLSchema-instance" xmlns:xsd="http://www.w3.org/2001/XMLSchema">
    <label>Friday</label>
    <protected>false</protected>
    <values>
        <field>Close__c</field>
        <value xsi:type="xsd:string">18:00</value>
    </values>
    <values>
        <field>Index__c</field>
        <value xsi:type="xsd:double">6.0</value>
    </values>
    <values>
        <field>IsClosed__c</field>
        <value xsi:type="xsd:boolean">false</value>
    </values>
    <values>
        <field>Open__c</field>
        <value xsi:type="xsd:string">8:00</value>
    </values>
</CustomMetadata>
