<?xml version="1.0" encoding="UTF-8"?>
<CustomMetadata xmlns="http://soap.sforce.com/2006/04/metadata" xmlns:xsi="http://www.w3.org/2001/XMLSchema-instance" xmlns:xsd="http://www.w3.org/2001/XMLSchema">
    <label>Default</label>
    <protected>false</protected>
    <values>
        <field>ImplementationApexClass__c</field>
        <value xsi:type="xsd:string">OnbePaymentServiceImpl</value>
    </values>
    <values>
        <field>Program_ID__c</field>
        <value xsi:type="xsd:string">04011223</value>
    </values>
    <values>
        <field>PaymentServiceLabel__c</field>
        <value xsi:type="xsd:string">Onbe Payment</value>
    </values>
</CustomMetadata>