<?xml version="1.0" encoding="UTF-8"?>
<GlobalValueSet xmlns="http://soap.sforce.com/2006/04/metadata">
    <customValue>
        <fullName>Donation</fullName>
        <default>false</default>
        <label>Donation</label>
    </customValue>
    <customValue>
        <fullName>Medical: New Donor</fullName>
        <default>false</default>
        <label>Medical: New Donor</label>
    </customValue>
    <customValue>
        <fullName>Medical: Annual Physical</fullName>
        <default>false</default>
        <label>Medical: Annual Physical</label>
    </customValue>
    <customValue>
        <fullName>Medical: Consultation</fullName>
        <default>false</default>
        <label>Medical: Consultation</label>
    </customValue>
    <description>The types of services offered by a Donation Center</description>
    <masterLabel>Center Services</masterLabel>
    <sorted>false</sorted>
</GlobalValueSet>
