<?xml version="1.0" encoding="UTF-8"?>
<GlobalValueSet xmlns="http://soap.sforce.com/2006/04/metadata">
    <customValue>
        <fullName>Registered</fullName>
        <default>true</default>
        <label>Registered</label>
    </customValue>
    <customValue>
        <fullName>Applicant</fullName>
        <default>false</default>
        <label>Applicant</label>
    </customValue>
    <customValue>
        <fullName>Eligible</fullName>
        <default>false</default>
        <label>Eligible</label>
    </customValue>
    <customValue>
        <fullName>Deferred</fullName>
        <default>false</default>
        <label>Deferred</label>
    </customValue>
    <customValue>
        <fullName>Excluded</fullName>
        <default>false</default>
        <label>Excluded</label>
    </customValue>
    <customValue>
        <fullName>New</fullName>
        <default>false</default>
        <isActive>false</isActive>
        <label>New</label>
    </customValue>
    <customValue>
        <fullName>Verified</fullName>
        <default>false</default>
        <isActive>false</isActive>
        <label>Verified</label>
    </customValue>
    <description>*Lead: Transient state when record is first created
*Verified(Lead): Has filled out basic profile information and have verified mobile number and email
Registered: Are in the system as a potential donor and SFDC user
Applicant: Has an appointment to assess their fitness for donation
Eligible: Has met all criteria for donation and Eligiblity datetime is today or in the past
Deferred: Has met all critieria for donation and Eligibility datetime is in the future
Excluded: Can never* give plasma for various reasons that are PHI</description>
    <masterLabel>Donor Status</masterLabel>
    <sorted>false</sorted>
</GlobalValueSet>
