<?xml version="1.0" encoding="UTF-8"?>
<GlobalValueSet xmlns="http://soap.sforce.com/2006/04/metadata">
    <customValue>
        <fullName>American Indian or Alaska Native</fullName>
        <default>false</default>
        <label>American Indian or Alaska Native</label>
    </customValue>
    <customValue>
        <fullName>Asian</fullName>
        <default>false</default>
        <label>Asian</label>
    </customValue>
    <customValue>
        <fullName>Black or African American</fullName>
        <default>false</default>
        <label>Black or African American</label>
    </customValue>
    <customValue>
        <fullName>Hispanic or Latino</fullName>
        <default>false</default>
        <label>Hispanic or Latino</label>
    </customValue>
    <customValue>
        <fullName>Native Hawaiian or Other Pacific Islander</fullName>
        <default>false</default>
        <label>Native Hawaiian or Other Pacific Islander</label>
    </customValue>
    <customValue>
        <fullName>White</fullName>
        <default>false</default>
        <label>White</label>
    </customValue>
    <masterLabel>Ethnicity</masterLabel>
    <sorted>false</sorted>
</GlobalValueSet>
