<?xml version="1.0" encoding="UTF-8"?>
<GlobalValueSet xmlns="http://soap.sforce.com/2006/04/metadata">
    <customValue>
        <fullName>Car</fullName>
        <default>false</default>
        <label>Car</label>
    </customValue>
    <customValue>
        <fullName>Bus</fullName>
        <default>false</default>
        <label>Bus</label>
    </customValue>
    <customValue>
        <fullName>Walk</fullName>
        <default>false</default>
        <label>Walk</label>
    </customValue>
    <customValue>
        <fullName>Taxi</fullName>
        <default>false</default>
        <label>Taxi</label>
    </customValue>
    <masterLabel>Transportation Modes</masterLabel>
    <sorted>false</sorted>
</GlobalValueSet>
