<?xml version="1.0" encoding="UTF-8"?>
<Flow xmlns="http://soap.sforce.com/2006/04/metadata">
    <actionCalls>
        <name>Send_Notification</name>
        <label>Send Notification</label>
        <locationX>176</locationX>
        <locationY>278</locationY>
        <actionName>customNotificationAction</actionName>
        <actionType>customNotificationAction</actionType>
        <connector>
            <targetReference>Assign_Message_Record_Updates</targetReference>
        </connector>
        <flowTransactionModel>CurrentTransaction</flowTransactionModel>
        <inputParameters>
            <name>customNotifTypeId</name>
            <value>
                <elementReference>Custom_Notification_Id_Input.Id</elementReference>
            </value>
        </inputParameters>
        <inputParameters>
            <name>body</name>
            <value>
                <elementReference>Notification_Body</elementReference>
            </value>
        </inputParameters>
        <inputParameters>
            <name>title</name>
            <value>
                <elementReference>Notification_Title</elementReference>
            </value>
        </inputParameters>
        <inputParameters>
            <name>recipientIds</name>
            <value>
                <elementReference>Recipient_Id_Collection_Input</elementReference>
            </value>
        </inputParameters>
        <inputParameters>
            <name>targetId</name>
            <value>
                <elementReference>Message_Record_Update.Id</elementReference>
            </value>
        </inputParameters>
    </actionCalls>
    <apiVersion>57.0</apiVersion>
    <assignments>
        <name>Assign_Message_Record_Updates</name>
        <label>Assign Message Record Updates</label>
        <locationX>176</locationX>
        <locationY>398</locationY>
        <assignmentItems>
            <assignToReference>Message_Record_Update.Id</assignToReference>
            <operator>Assign</operator>
            <value>
                <elementReference>Message_Record_Input.Id</elementReference>
            </value>
        </assignmentItems>
        <assignmentItems>
            <assignToReference>Message_Record_Update.Body__c</assignToReference>
            <operator>Assign</operator>
            <value>
                <elementReference>Notification_Body</elementReference>
            </value>
        </assignmentItems>
        <connector>
            <targetReference>Update_Message_Record_Body</targetReference>
        </connector>
    </assignments>
    <environments>Default</environments>
    <interviewLabel>Appointment Reminder {!$Flow.CurrentDateTime}</interviewLabel>
    <label>Appointment Reminder</label>
    <processMetadataValues>
        <name>BuilderType</name>
        <value>
            <stringValue>LightningFlowBuilder</stringValue>
        </value>
    </processMetadataValues>
    <processMetadataValues>
        <name>CanvasMode</name>
        <value>
            <stringValue>AUTO_LAYOUT_CANVAS</stringValue>
        </value>
    </processMetadataValues>
    <processMetadataValues>
        <name>OriginBuilderType</name>
        <value>
            <stringValue>LightningFlowBuilder</stringValue>
        </value>
    </processMetadataValues>
    <processType>AutoLaunchedFlow</processType>
    <recordLookups>
        <name>Get_Visit_Record</name>
        <label>Get Visit Record</label>
        <locationX>176</locationX>
        <locationY>158</locationY>
        <assignNullValuesIfNoRecordsFound>false</assignNullValuesIfNoRecordsFound>
        <connector>
            <targetReference>Send_Notification</targetReference>
        </connector>
        <filterLogic>and</filterLogic>
        <filters>
            <field>Id</field>
            <operator>EqualTo</operator>
            <value>
                <elementReference>Message_Record_Input.Visit__c</elementReference>
            </value>
        </filters>
        <getFirstRecordOnly>true</getFirstRecordOnly>
        <object>Visit__c</object>
        <storeOutputAutomatically>true</storeOutputAutomatically>
    </recordLookups>
    <recordUpdates>
        <name>Update_Message_Record_Body</name>
        <label>Update Message Record Body</label>
        <locationX>176</locationX>
        <locationY>518</locationY>
        <inputReference>Message_Record_Update</inputReference>
    </recordUpdates>
    <start>
        <locationX>50</locationX>
        <locationY>0</locationY>
        <connector>
            <targetReference>Get_Visit_Record</targetReference>
        </connector>
    </start>
    <status>Active</status>
    <textTemplates>
        <name>Notification_Body</name>
        <isViewedAsPlainText>true</isViewedAsPlainText>
        <text>We&apos;ll see you soon! This notification serves as a friendly reminder for your scheduled plasma donation appointment at {!Get_Visit_Record.Center_Donation_Type__r.Center__r.Name}. Your appointment is scheduled for {!Get_Visit_Record.Appointment_Datetime__c}.
Please make sure to arrive on time and bring a valid form of identification, proof of your social security card, and physical address.</text>
    </textTemplates>
    <textTemplates>
        <name>Notification_Title</name>
        <isViewedAsPlainText>true</isViewedAsPlainText>
        <text>Appointment Reminder</text>
    </textTemplates>
    <variables>
        <name>Custom_Notification_Id_Input</name>
        <dataType>SObject</dataType>
        <isCollection>false</isCollection>
        <isInput>true</isInput>
        <isOutput>false</isOutput>
        <objectType>CustomNotificationType</objectType>
    </variables>
    <variables>
        <name>Donor_Record_Input</name>
        <dataType>SObject</dataType>
        <isCollection>false</isCollection>
        <isInput>true</isInput>
        <isOutput>false</isOutput>
        <objectType>Contact</objectType>
    </variables>
    <variables>
        <name>Donor_User_Record_Input</name>
        <dataType>SObject</dataType>
        <isCollection>false</isCollection>
        <isInput>true</isInput>
        <isOutput>false</isOutput>
        <objectType>User</objectType>
    </variables>
    <variables>
        <name>Message_Record_Input</name>
        <dataType>SObject</dataType>
        <isCollection>false</isCollection>
        <isInput>true</isInput>
        <isOutput>false</isOutput>
        <objectType>Message__c</objectType>
    </variables>
    <variables>
        <name>Message_Record_Update</name>
        <dataType>SObject</dataType>
        <isCollection>false</isCollection>
        <isInput>false</isInput>
        <isOutput>false</isOutput>
        <objectType>Message__c</objectType>
    </variables>
    <variables>
        <name>Recipient_Id_Collection_Input</name>
        <dataType>String</dataType>
        <isCollection>true</isCollection>
        <isInput>true</isInput>
        <isOutput>false</isOutput>
    </variables>
</Flow>
