<?xml version="1.0" encoding="UTF-8"?>
<Flow xmlns="http://soap.sforce.com/2006/04/metadata">
    <actionCalls>
        <name>Update_Visit_Status</name>
        <label>Update Visit Status</label>
        <locationX>176</locationX>
        <locationY>314</locationY>
        <actionName>DonorCheckinInvocable</actionName>
        <actionType>apex</actionType>
        <flowTransactionModel>CurrentTransaction</flowTransactionModel>
        <inputParameters>
            <name>inputRecords</name>
            <value>
                <elementReference>inputRecords</elementReference>
            </value>
        </inputParameters>
    </actionCalls>
    <apiVersion>57.0</apiVersion>
    <assignments>
        <name>Add_Event_to_Collection</name>
        <label>Add Event to Collection</label>
        <locationX>176</locationX>
        <locationY>194</locationY>
        <assignmentItems>
            <assignToReference>inputRecords</assignToReference>
            <operator>Add</operator>
            <value>
                <elementReference>$Record</elementReference>
            </value>
        </assignmentItems>
        <connector>
            <targetReference>Update_Visit_Status</targetReference>
        </connector>
    </assignments>
    <description>A visual GUI to manage what we invoke off these PEs.</description>
    <environments>Default</environments>
    <interviewLabel>Donor Checkin Handler {!$Flow.CurrentDateTime}</interviewLabel>
    <label>Donor Checkin Handler</label>
    <processMetadataValues>
        <name>BuilderType</name>
        <value>
            <stringValue>LightningFlowBuilder</stringValue>
        </value>
    </processMetadataValues>
    <processMetadataValues>
        <name>CanvasMode</name>
        <value>
            <stringValue>AUTO_LAYOUT_CANVAS</stringValue>
        </value>
    </processMetadataValues>
    <processMetadataValues>
        <name>OriginBuilderType</name>
        <value>
            <stringValue>LightningFlowBuilder</stringValue>
        </value>
    </processMetadataValues>
    <processType>AutoLaunchedFlow</processType>
    <start>
        <locationX>50</locationX>
        <locationY>0</locationY>
        <connector>
            <targetReference>Add_Event_to_Collection</targetReference>
        </connector>
        <object>Donor_CheckIn__e</object>
        <triggerType>PlatformEvent</triggerType>
    </start>
    <status>Active</status>
    <variables>
        <name>inputRecords</name>
        <dataType>SObject</dataType>
        <isCollection>true</isCollection>
        <isInput>false</isInput>
        <isOutput>false</isOutput>
        <objectType>Donor_CheckIn__e</objectType>
    </variables>
</Flow>
