<?xml version="1.0" encoding="UTF-8"?>
<Flow xmlns="http://soap.sforce.com/2006/04/metadata">
    <apiVersion>57.0</apiVersion>
    <assignments>
        <name>Assign_User_Record</name>
        <label>Assign User Record</label>
        <locationX>176</locationX>
        <locationY>278</locationY>
        <assignmentItems>
            <assignToReference>User_Record_Output</assignToReference>
            <operator>Assign</operator>
            <value>
                <elementReference>Get_User_Record_From_Contact_Id</elementReference>
            </value>
        </assignmentItems>
    </assignments>
    <description>Runs in system context, so flows can call this if User run mode does not have permission.</description>
    <environments>Default</environments>
    <interviewLabel>Get User Record From Contact Id {!$Flow.CurrentDateTime}</interviewLabel>
    <label>Get User Record From Contact Id</label>
    <processMetadataValues>
        <name>BuilderType</name>
        <value>
            <stringValue>LightningFlowBuilder</stringValue>
        </value>
    </processMetadataValues>
    <processMetadataValues>
        <name>CanvasMode</name>
        <value>
            <stringValue>AUTO_LAYOUT_CANVAS</stringValue>
        </value>
    </processMetadataValues>
    <processMetadataValues>
        <name>OriginBuilderType</name>
        <value>
            <stringValue>LightningFlowBuilder</stringValue>
        </value>
    </processMetadataValues>
    <processType>AutoLaunchedFlow</processType>
    <recordLookups>
        <name>Get_User_Record_From_Contact_Id</name>
        <label>Get User Record From Contact Id</label>
        <locationX>176</locationX>
        <locationY>158</locationY>
        <assignNullValuesIfNoRecordsFound>false</assignNullValuesIfNoRecordsFound>
        <connector>
            <targetReference>Assign_User_Record</targetReference>
        </connector>
        <filterLogic>and</filterLogic>
        <filters>
            <field>ContactId</field>
            <operator>EqualTo</operator>
            <value>
                <elementReference>Contact_Id_Input</elementReference>
            </value>
        </filters>
        <getFirstRecordOnly>true</getFirstRecordOnly>
        <object>User</object>
        <queriedFields>Id</queriedFields>
        <queriedFields>FirstName</queriedFields>
        <queriedFields>LastName</queriedFields>
        <queriedFields>Email</queriedFields>
        <queriedFields>ContactId</queriedFields>
        <storeOutputAutomatically>true</storeOutputAutomatically>
    </recordLookups>
    <runInMode>SystemModeWithoutSharing</runInMode>
    <start>
        <locationX>50</locationX>
        <locationY>0</locationY>
        <connector>
            <targetReference>Get_User_Record_From_Contact_Id</targetReference>
        </connector>
    </start>
    <status>Active</status>
    <variables>
        <name>Contact_Id_Input</name>
        <dataType>String</dataType>
        <isCollection>false</isCollection>
        <isInput>true</isInput>
        <isOutput>false</isOutput>
    </variables>
    <variables>
        <name>User_Record_Output</name>
        <dataType>SObject</dataType>
        <isCollection>false</isCollection>
        <isInput>false</isInput>
        <isOutput>true</isOutput>
        <objectType>User</objectType>
    </variables>
</Flow>
