<?xml version="1.0" encoding="UTF-8"?>
<Flow xmlns="http://soap.sforce.com/2006/04/metadata">
    <apiVersion>57.0</apiVersion>
    <assignments>
        <name>Assign_Contact_Record</name>
        <label>Assign Contact Record</label>
        <locationX>176</locationX>
        <locationY>278</locationY>
        <assignmentItems>
            <assignToReference>Contact_Record_Output</assignToReference>
            <operator>Assign</operator>
            <value>
                <elementReference>Get_Contact_Record</elementReference>
            </value>
        </assignmentItems>
    </assignments>
    <description>Runs in system mode, to retrieve communication preferences for a Contact.</description>
    <environments>Default</environments>
    <interviewLabel>Get Contact Communication Preferences {!$Flow.CurrentDateTime}</interviewLabel>
    <label>Get Contact Communication Preferences</label>
    <processMetadataValues>
        <name>BuilderType</name>
        <value>
            <stringValue>LightningFlowBuilder</stringValue>
        </value>
    </processMetadataValues>
    <processMetadataValues>
        <name>CanvasMode</name>
        <value>
            <stringValue>AUTO_LAYOUT_CANVAS</stringValue>
        </value>
    </processMetadataValues>
    <processMetadataValues>
        <name>OriginBuilderType</name>
        <value>
            <stringValue>LightningFlowBuilder</stringValue>
        </value>
    </processMetadataValues>
    <processType>AutoLaunchedFlow</processType>
    <recordLookups>
        <name>Get_Contact_Record</name>
        <label>Get Contact Record</label>
        <locationX>176</locationX>
        <locationY>158</locationY>
        <assignNullValuesIfNoRecordsFound>false</assignNullValuesIfNoRecordsFound>
        <connector>
            <targetReference>Assign_Contact_Record</targetReference>
        </connector>
        <filterLogic>and</filterLogic>
        <filters>
            <field>Id</field>
            <operator>EqualTo</operator>
            <value>
                <elementReference>Id_Input</elementReference>
            </value>
        </filters>
        <getFirstRecordOnly>true</getFirstRecordOnly>
        <object>Contact</object>
        <queriedFields>Id</queriedFields>
        <queriedFields>Enable_Appointment_Reminders__c</queriedFields>
        <queriedFields>Enable_Payment_Notifications__c</queriedFields>
        <queriedFields>Enable_Email__c</queriedFields>
        <queriedFields>Enable_SMS__c</queriedFields>
        <queriedFields>Enable_Mobile_Push__c</queriedFields>
        <storeOutputAutomatically>true</storeOutputAutomatically>
    </recordLookups>
    <runInMode>SystemModeWithoutSharing</runInMode>
    <start>
        <locationX>50</locationX>
        <locationY>0</locationY>
        <connector>
            <targetReference>Get_Contact_Record</targetReference>
        </connector>
    </start>
    <status>Active</status>
    <variables>
        <name>Contact_Record_Output</name>
        <dataType>SObject</dataType>
        <isCollection>false</isCollection>
        <isInput>false</isInput>
        <isOutput>true</isOutput>
        <objectType>Contact</objectType>
    </variables>
    <variables>
        <name>Id_Input</name>
        <dataType>String</dataType>
        <isCollection>false</isCollection>
        <isInput>true</isInput>
        <isOutput>false</isOutput>
    </variables>
</Flow>
