<?xml version="1.0" encoding="UTF-8"?>
<Flow xmlns="http://soap.sforce.com/2006/04/metadata">
    <actionCalls>
        <name>Submit_for_Approval</name>
        <label>Submit for Approval</label>
        <locationX>50</locationX>
        <locationY>863</locationY>
        <actionName>submit</actionName>
        <actionType>submit</actionType>
        <flowTransactionModel>CurrentTransaction</flowTransactionModel>
        <inputParameters>
            <name>processDefinitionNameOrId</name>
            <value>
                <stringValue>Payment_Request_Approval</stringValue>
            </value>
        </inputParameters>
        <inputParameters>
            <name>nextApproverIds</name>
            <value>
                <elementReference>approverIds</elementReference>
            </value>
        </inputParameters>
        <inputParameters>
            <name>objectId</name>
            <value>
                <elementReference>$Record.Id</elementReference>
            </value>
        </inputParameters>
        <inputParameters>
            <name>skipEntryCriteria</name>
            <value>
                <booleanValue>true</booleanValue>
            </value>
        </inputParameters>
        <storeOutputAutomatically>true</storeOutputAutomatically>
    </actionCalls>
    <apiVersion>57.0</apiVersion>
    <assignments>
        <name>Add_Queue_Id_to_Collection</name>
        <label>Add Queue Id to Collection</label>
        <locationX>50</locationX>
        <locationY>755</locationY>
        <assignmentItems>
            <assignToReference>approverIds</assignToReference>
            <operator>Add</operator>
            <value>
                <elementReference>Get_Dallas_Queue_Id.Id</elementReference>
            </value>
        </assignmentItems>
        <connector>
            <targetReference>Submit_for_Approval</targetReference>
        </connector>
    </assignments>
    <assignments>
        <name>Assign_Donor_Payment_Platform_Event_Values</name>
        <label>Assign Donor Payment Platform Event Values</label>
        <locationX>578</locationX>
        <locationY>431</locationY>
        <assignmentItems>
            <assignToReference>New_Donor_Payment_Platform_Event.Amount__c</assignToReference>
            <operator>Assign</operator>
            <value>
                <elementReference>$Record.Amount_Dollars__c</elementReference>
            </value>
        </assignmentItems>
        <assignmentItems>
            <assignToReference>New_Donor_Payment_Platform_Event.Reason__c</assignToReference>
            <operator>Assign</operator>
            <value>
                <elementReference>$Record.Reason_Description__c</elementReference>
            </value>
        </assignmentItems>
        <assignmentItems>
            <assignToReference>New_Donor_Payment_Platform_Event.Donor_Id__c</assignToReference>
            <operator>Assign</operator>
            <value>
                <elementReference>$Record.Donor__c</elementReference>
            </value>
        </assignmentItems>
        <assignmentItems>
            <assignToReference>New_Donor_Payment_Platform_Event.Visit_Id__c</assignToReference>
            <operator>Assign</operator>
            <value>
                <elementReference>$Record.Visit__c</elementReference>
            </value>
        </assignmentItems>
        <assignmentItems>
            <assignToReference>New_Donor_Payment_Platform_Event.Type__c</assignToReference>
            <operator>Assign</operator>
            <value>
                <stringValue>Promotion</stringValue>
            </value>
        </assignmentItems>
        <assignmentItems>
            <assignToReference>New_Donor_Payment_Platform_Event.Payment_Request_Id__c</assignToReference>
            <operator>Assign</operator>
            <value>
                <elementReference>$Record.Id</elementReference>
            </value>
        </assignmentItems>
        <connector>
            <targetReference>Fire_Donor_Payment_Platform_Event</targetReference>
        </connector>
    </assignments>
    <decisions>
        <name>Center_Queue_Decision</name>
        <label>Center Queue Decision</label>
        <locationX>182</locationX>
        <locationY>539</locationY>
        <defaultConnectorLabel>Default Outcome</defaultConnectorLabel>
        <rules>
            <name>Dallas</name>
            <conditionLogic>and</conditionLogic>
            <conditions>
                <leftValueReference>Get_Center_Account_Name.Name</leftValueReference>
                <operator>Contains</operator>
                <rightValue>
                    <stringValue>Dallas</stringValue>
                </rightValue>
            </conditions>
            <connector>
                <targetReference>Get_Dallas_Queue_Id</targetReference>
            </connector>
            <label>Dallas</label>
        </rules>
    </decisions>
    <decisions>
        <name>Insert_Evaluation</name>
        <label>Insert Evaluation</label>
        <locationX>512</locationX>
        <locationY>323</locationY>
        <defaultConnectorLabel>Default Outcome</defaultConnectorLabel>
        <rules>
            <name>Automate_Approval_Process_Decision</name>
            <conditionLogic>and</conditionLogic>
            <conditions>
                <leftValueReference>$Record.Approval_Required__c</leftValueReference>
                <operator>EqualTo</operator>
                <rightValue>
                    <booleanValue>true</booleanValue>
                </rightValue>
            </conditions>
            <conditions>
                <leftValueReference>$Record.Transaction_Result__c</leftValueReference>
                <operator>IsNull</operator>
                <rightValue>
                    <booleanValue>true</booleanValue>
                </rightValue>
            </conditions>
            <conditions>
                <leftValueReference>$Record.Status__c</leftValueReference>
                <operator>EqualTo</operator>
                <rightValue>
                    <stringValue>New</stringValue>
                </rightValue>
            </conditions>
            <conditions>
                <leftValueReference>$Record.Donor__c</leftValueReference>
                <operator>IsNull</operator>
                <rightValue>
                    <booleanValue>false</booleanValue>
                </rightValue>
            </conditions>
            <connector>
                <targetReference>Get_Center_Account_Name</targetReference>
            </connector>
            <label>Automate Approval Process Decision</label>
        </rules>
        <rules>
            <name>Automate_Payment_Decision</name>
            <conditionLogic>and</conditionLogic>
            <conditions>
                <leftValueReference>$Record.Status__c</leftValueReference>
                <operator>EqualTo</operator>
                <rightValue>
                    <stringValue>Approved</stringValue>
                </rightValue>
            </conditions>
            <conditions>
                <leftValueReference>$Record.Amount_Dollars__c</leftValueReference>
                <operator>IsNull</operator>
                <rightValue>
                    <booleanValue>false</booleanValue>
                </rightValue>
            </conditions>
            <conditions>
                <leftValueReference>$Record.Donor__c</leftValueReference>
                <operator>IsNull</operator>
                <rightValue>
                    <booleanValue>false</booleanValue>
                </rightValue>
            </conditions>
            <conditions>
                <leftValueReference>$Record.Transaction_Result__c</leftValueReference>
                <operator>IsNull</operator>
                <rightValue>
                    <booleanValue>true</booleanValue>
                </rightValue>
            </conditions>
            <conditions>
                <leftValueReference>$Record.Approval_Required__c</leftValueReference>
                <operator>EqualTo</operator>
                <rightValue>
                    <booleanValue>false</booleanValue>
                </rightValue>
            </conditions>
            <connector>
                <targetReference>Assign_Donor_Payment_Platform_Event_Values</targetReference>
            </connector>
            <label>Automate Payment Decision</label>
        </rules>
    </decisions>
    <description>Fires on inserts of Payment Request records.</description>
    <environments>Default</environments>
    <interviewLabel>Payment Request Insert {!$Flow.CurrentDateTime}</interviewLabel>
    <label>Payment Request Insert</label>
    <processMetadataValues>
        <name>BuilderType</name>
        <value>
            <stringValue>LightningFlowBuilder</stringValue>
        </value>
    </processMetadataValues>
    <processMetadataValues>
        <name>CanvasMode</name>
        <value>
            <stringValue>AUTO_LAYOUT_CANVAS</stringValue>
        </value>
    </processMetadataValues>
    <processMetadataValues>
        <name>OriginBuilderType</name>
        <value>
            <stringValue>LightningFlowBuilder</stringValue>
        </value>
    </processMetadataValues>
    <processType>AutoLaunchedFlow</processType>
    <recordCreates>
        <name>Fire_Donor_Payment_Platform_Event</name>
        <label>Fire Donor Payment Platform Event</label>
        <locationX>578</locationX>
        <locationY>539</locationY>
        <inputReference>New_Donor_Payment_Platform_Event</inputReference>
    </recordCreates>
    <recordLookups>
        <name>Get_Center_Account_Name</name>
        <label>Get Center Account Name</label>
        <locationX>182</locationX>
        <locationY>431</locationY>
        <assignNullValuesIfNoRecordsFound>false</assignNullValuesIfNoRecordsFound>
        <connector>
            <targetReference>Center_Queue_Decision</targetReference>
        </connector>
        <filterLogic>and</filterLogic>
        <filters>
            <field>Id</field>
            <operator>EqualTo</operator>
            <value>
                <elementReference>$Record.Donor__r.Last_Used_Center__r.Id</elementReference>
            </value>
        </filters>
        <getFirstRecordOnly>true</getFirstRecordOnly>
        <object>Account</object>
        <storeOutputAutomatically>true</storeOutputAutomatically>
    </recordLookups>
    <recordLookups>
        <name>Get_Dallas_Queue_Id</name>
        <label>Get Dallas Queue Id</label>
        <locationX>50</locationX>
        <locationY>647</locationY>
        <assignNullValuesIfNoRecordsFound>false</assignNullValuesIfNoRecordsFound>
        <connector>
            <targetReference>Add_Queue_Id_to_Collection</targetReference>
        </connector>
        <filterLogic>and</filterLogic>
        <filters>
            <field>DeveloperName</field>
            <operator>EqualTo</operator>
            <value>
                <stringValue>Center_Manager_Dallas</stringValue>
            </value>
        </filters>
        <filters>
            <field>Type</field>
            <operator>EqualTo</operator>
            <value>
                <stringValue>Queue</stringValue>
            </value>
        </filters>
        <getFirstRecordOnly>true</getFirstRecordOnly>
        <object>Group</object>
        <storeOutputAutomatically>true</storeOutputAutomatically>
    </recordLookups>
    <start>
        <locationX>386</locationX>
        <locationY>0</locationY>
        <connector>
            <targetReference>Insert_Evaluation</targetReference>
        </connector>
        <object>Payment_Request__c</object>
        <recordTriggerType>Create</recordTriggerType>
        <triggerType>RecordAfterSave</triggerType>
    </start>
    <status>Active</status>
    <variables>
        <name>approvalProcessId</name>
        <dataType>String</dataType>
        <isCollection>false</isCollection>
        <isInput>false</isInput>
        <isOutput>false</isOutput>
    </variables>
    <variables>
        <name>approverIds</name>
        <dataType>String</dataType>
        <isCollection>true</isCollection>
        <isInput>false</isInput>
        <isOutput>false</isOutput>
    </variables>
    <variables>
        <name>New_Donor_Payment_Platform_Event</name>
        <dataType>SObject</dataType>
        <isCollection>false</isCollection>
        <isInput>false</isInput>
        <isOutput>false</isOutput>
        <objectType>Donor_Payment__e</objectType>
    </variables>
</Flow>
