<?xml version="1.0" encoding="UTF-8"?>
<Flow xmlns="http://soap.sforce.com/2006/04/metadata">
    <actionCalls>
        <name>Send_Notification</name>
        <label>Send Notification</label>
        <locationX>176</locationX>
        <locationY>374</locationY>
        <actionName>customNotificationAction</actionName>
        <actionType>customNotificationAction</actionType>
        <connector>
            <targetReference>Create_Message_Records</targetReference>
        </connector>
        <flowTransactionModel>CurrentTransaction</flowTransactionModel>
        <inputParameters>
            <name>customNotifTypeId</name>
            <value>
                <elementReference>Custom_Notification_Id</elementReference>
            </value>
        </inputParameters>
        <inputParameters>
            <name>body</name>
            <value>
                <elementReference>Notification_Body_Content</elementReference>
            </value>
        </inputParameters>
        <inputParameters>
            <name>title</name>
            <value>
                <elementReference>Notification_Title_Content</elementReference>
            </value>
        </inputParameters>
        <inputParameters>
            <name>recipientIds</name>
            <value>
                <elementReference>Recipient_Ids</elementReference>
            </value>
        </inputParameters>
        <inputParameters>
            <name>targetPageRef</name>
            <value>
                <stringValue>{type:&apos;communitiesLandingPage&apos;,attributes:{name:&apos;Home&apos;}}</stringValue>
            </value>
        </inputParameters>
    </actionCalls>
    <apiVersion>57.0</apiVersion>
    <description>Fires off the broadcast messages created in the Broadcast Actions for Center, and can be called from elsewhere. This is necessary, as there is a pause condition for sending these messages, and decoupling these two flows allows the first to complete without dependency on this pause condition.</description>
    <environments>Default</environments>
    <interviewLabel>Send Broadcast Action Messages {!$Flow.CurrentDateTime}</interviewLabel>
    <label>Send Broadcast Action Messages</label>
    <processMetadataValues>
        <name>BuilderType</name>
        <value>
            <stringValue>LightningFlowBuilder</stringValue>
        </value>
    </processMetadataValues>
    <processMetadataValues>
        <name>CanvasMode</name>
        <value>
            <stringValue>AUTO_LAYOUT_CANVAS</stringValue>
        </value>
    </processMetadataValues>
    <processMetadataValues>
        <name>OriginBuilderType</name>
        <value>
            <stringValue>LightningFlowBuilder</stringValue>
        </value>
    </processMetadataValues>
    <processType>AutoLaunchedFlow</processType>
    <recordCreates>
        <name>Create_Message_Records</name>
        <label>Create Message Records</label>
        <locationX>176</locationX>
        <locationY>494</locationY>
        <inputReference>Message_Records</inputReference>
    </recordCreates>
    <runInMode>SystemModeWithoutSharing</runInMode>
    <start>
        <locationX>50</locationX>
        <locationY>0</locationY>
        <connector>
            <targetReference>Wait_Decision</targetReference>
        </connector>
    </start>
    <status>Active</status>
    <variables>
        <name>Custom_Notification_Id</name>
        <dataType>String</dataType>
        <isCollection>false</isCollection>
        <isInput>true</isInput>
        <isOutput>false</isOutput>
    </variables>
    <variables>
        <name>Message_Configuration</name>
        <apexClass>BroadcastActionInvocableVariable</apexClass>
        <dataType>Apex</dataType>
        <isCollection>false</isCollection>
        <isInput>true</isInput>
        <isOutput>false</isOutput>
    </variables>
    <variables>
        <name>Message_Records</name>
        <dataType>SObject</dataType>
        <isCollection>true</isCollection>
        <isInput>true</isInput>
        <isOutput>false</isOutput>
        <objectType>Message__c</objectType>
    </variables>
    <variables>
        <name>Notification_Body_Content</name>
        <dataType>String</dataType>
        <isCollection>false</isCollection>
        <isInput>true</isInput>
        <isOutput>false</isOutput>
    </variables>
    <variables>
        <name>Notification_Title_Content</name>
        <dataType>String</dataType>
        <isCollection>false</isCollection>
        <isInput>true</isInput>
        <isOutput>false</isOutput>
    </variables>
    <variables>
        <name>Recipient_Ids</name>
        <dataType>String</dataType>
        <isCollection>true</isCollection>
        <isInput>true</isInput>
        <isOutput>false</isOutput>
    </variables>
    <variables>
        <name>Send_Date_Time</name>
        <dataType>DateTime</dataType>
        <isCollection>false</isCollection>
        <isInput>true</isInput>
        <isOutput>false</isOutput>
    </variables>
    <waits>
        <name>Wait_Decision</name>
        <label>Wait Decision</label>
        <locationX>176</locationX>
        <locationY>158</locationY>
        <defaultConnector>
            <targetReference>Send_Notification</targetReference>
        </defaultConnector>
        <defaultConnectorLabel>Default Path</defaultConnectorLabel>
        <waitEvents>
            <name>Scheduled_for_Future</name>
            <conditionLogic>and</conditionLogic>
            <conditions>
                <leftValueReference>Send_Date_Time</leftValueReference>
                <operator>GreaterThan</operator>
                <rightValue>
                    <elementReference>$Flow.CurrentDateTime</elementReference>
                </rightValue>
            </conditions>
            <connector>
                <targetReference>Send_Notification</targetReference>
            </connector>
            <eventType>AlarmEvent</eventType>
            <inputParameters>
                <name>AlarmTime</name>
                <value>
                    <elementReference>Send_Date_Time</elementReference>
                </value>
            </inputParameters>
            <inputParameters>
                <name>TimeOffset</name>
            </inputParameters>
            <inputParameters>
                <name>TimeOffsetUnit</name>
            </inputParameters>
            <label>Scheduled for Future</label>
        </waitEvents>
    </waits>
</Flow>
