<?xml version="1.0" encoding="UTF-8"?>
<Flow xmlns="http://soap.sforce.com/2006/04/metadata">
    <actionCalls>
        <name>Send_Notification</name>
        <label>Send Notification</label>
        <locationX>176</locationX>
        <locationY>158</locationY>
        <actionName>customNotificationAction</actionName>
        <actionType>customNotificationAction</actionType>
        <flowTransactionModel>CurrentTransaction</flowTransactionModel>
        <inputParameters>
            <name>customNotifTypeId</name>
            <value>
                <elementReference>Custom_Notification_Id_Input.Id</elementReference>
            </value>
        </inputParameters>
        <inputParameters>
            <name>body</name>
            <value>
                <elementReference>Notification_Body</elementReference>
            </value>
        </inputParameters>
        <inputParameters>
            <name>title</name>
            <value>
                <elementReference>Notification_Title</elementReference>
            </value>
        </inputParameters>
        <inputParameters>
            <name>recipientIds</name>
            <value>
                <elementReference>Recipient_Id_Collection_Input</elementReference>
            </value>
        </inputParameters>
        <inputParameters>
            <name>targetId</name>
            <value>
                <elementReference>Message_Record_Input.Id</elementReference>
            </value>
        </inputParameters>
    </actionCalls>
    <apiVersion>57.0</apiVersion>
    <environments>Default</environments>
    <interviewLabel>Welcome New Donor {!$Flow.CurrentDateTime}</interviewLabel>
    <label>Welcome New Donor Notification</label>
    <processMetadataValues>
        <name>BuilderType</name>
        <value>
            <stringValue>LightningFlowBuilder</stringValue>
        </value>
    </processMetadataValues>
    <processMetadataValues>
        <name>CanvasMode</name>
        <value>
            <stringValue>AUTO_LAYOUT_CANVAS</stringValue>
        </value>
    </processMetadataValues>
    <processMetadataValues>
        <name>OriginBuilderType</name>
        <value>
            <stringValue>LightningFlowBuilder</stringValue>
        </value>
    </processMetadataValues>
    <processType>AutoLaunchedFlow</processType>
    <start>
        <locationX>50</locationX>
        <locationY>0</locationY>
        <connector>
            <targetReference>Send_Notification</targetReference>
        </connector>
    </start>
    <status>Active</status>
    <textTemplates>
        <name>Notification_Body</name>
        <isViewedAsPlainText>true</isViewedAsPlainText>
        <text>We are thrilled to welcome you as a new donor to our plasma donation center. Your decision to donate plasma is an important contribution to the health and well-being of others and we are honored to be a part of that.

As you may already know, plasma is a crucial component of many life-saving therapies and treatments, including those for people with immune deficiencies, hemophilia, and other rare conditions. Your plasma donation will be used to create these vital therapies and help save lives.

We want to assure you that your safety and comfort are our top priorities. Our experienced staff will ensure a smooth and stress-free donation process for you. We will also compensate you for your time and effort as a token of our appreciation. To schedule your first plasma donation, please click the button below.</text>
    </textTemplates>
    <textTemplates>
        <name>Notification_Title</name>
        <isViewedAsPlainText>true</isViewedAsPlainText>
        <text>Welcome to Proesis!</text>
    </textTemplates>
    <variables>
        <name>Custom_Notification_Id_Input</name>
        <dataType>SObject</dataType>
        <isCollection>false</isCollection>
        <isInput>true</isInput>
        <isOutput>false</isOutput>
        <objectType>CustomNotificationType</objectType>
    </variables>
    <variables>
        <name>Donor_Record_Input</name>
        <dataType>SObject</dataType>
        <isCollection>false</isCollection>
        <isInput>true</isInput>
        <isOutput>false</isOutput>
        <objectType>Contact</objectType>
    </variables>
    <variables>
        <name>Donor_User_Record_Input</name>
        <dataType>SObject</dataType>
        <isCollection>false</isCollection>
        <isInput>true</isInput>
        <isOutput>false</isOutput>
        <objectType>User</objectType>
    </variables>
    <variables>
        <name>Message_Record_Input</name>
        <dataType>SObject</dataType>
        <isCollection>false</isCollection>
        <isInput>true</isInput>
        <isOutput>false</isOutput>
        <objectType>Message__c</objectType>
    </variables>
    <variables>
        <name>Recipient_Id_Collection_Input</name>
        <dataType>String</dataType>
        <isCollection>true</isCollection>
        <isInput>true</isInput>
        <isOutput>false</isOutput>
    </variables>
</Flow>
