{
  "appPageId" : "30a97a8f-ddbf-414a-9816-9c7b1ec96b60",
  "componentName" : "siteforce:sldsOneColLayout",
  "dataProviders" : [ ],
  "id" : "0b8cd883-0d2d-4cd7-bd2b-bfbfdae431d7",
  "label" : "Login",
  "regions" : [ {
    "components" : [ {
      "componentAttributes" : { },
      "componentName" : "c:WelcomeWrapper",
      "id" : "c198770f-e167-4a6b-a2e2-75539c891c4f",
      "renderPriority" : "NEUTRAL",
      "renditionMap" : { },
      "type" : "component"
    } ],
    "id" : "eafc18cd-45fb-4299-8201-5afd265b715b",
    "regionName" : "content",
    "type" : "region"
  }, {
    "components" : [ {
      "componentAttributes" : {
        "customHeadTags" : "",
        "description" : "",
        "title" : "Login"
      },
      "componentName" : "forceCommunity:seoAssistant",
      "id" : "4075929d-1f75-48ad-8d9b-87cac80fc253",
      "renditionMap" : { },
      "type" : "component"
    } ],
    "id" : "57a899c0-98fc-4522-a833-c7a4d71ccdb0",
    "regionName" : "sfdcHiddenRegion",
    "type" : "region"
  } ],
  "themeLayoutType" : "KEg3kA3MunIOnpvEUYA8EXxeKjluzc",
  "type" : "view",
  "viewType" : "login-home"
}