{
  "appPageId" : "eaf007f1-0530-49e3-8eea-3f8422079ea7",
  "componentName" : "siteforce:sldsOneColLayout",
  "dataProviders" : [ ],
  "id" : "31611cef-e328-4581-8aaf-5e8f8ee38eec",
  "label" : "Message List",
  "regions" : [ {
    "id" : "74d8f7b4-2bb2-465c-8775-49d3362825c4",
    "regionName" : "header",
    "type" : "region"
  }, {
    "components" : [ {
      "componentAttributes" : {
        "enableInlineEdit" : true,
        "filterName" : "{!filterId}",
        "layout" : "FULL",
        "pageSize" : 25,
        "scope" : "{!objectName}",
        "showActionBar" : true,
        "showChartsPanel" : true,
        "showDisplay" : "showall",
        "showFilterPanel" : true,
        "showImageIcon" : true,
        "showManualRefreshButton" : true,
        "showObjectName" : true,
        "showPinnedList" : true,
        "showSearchBar" : true
      },
      "componentName" : "forceCommunity:objectHome",
      "id" : "417bdb83-1b09-4628-bedb-dfe7a18337ab",
      "renderPriority" : "NEUTRAL",
      "renditionMap" : { },
      "type" : "component"
    } ],
    "id" : "3a84b6ce-1b70-464a-b64a-cba1a13b8e16",
    "regionName" : "content",
    "type" : "region"
  }, {
    "id" : "5cbccd8d-e7f3-4b04-9bc0-cf5b967c76cb",
    "regionName" : "footer",
    "type" : "region"
  } ],
  "themeLayoutType" : "Inner",
  "type" : "view",
  "viewType" : "list-a0a"
}