{
  "appPageId" : "eaf007f1-0530-49e3-8eea-3f8422079ea7",
  "componentName" : "siteforce:sldsOneColLayout",
  "dataProviders" : [ ],
  "id" : "8b2486f5-59c9-46b0-b23e-a63936b14d7e",
  "label" : "Record List",
  "regions" : [ {
    "id" : "718de7e1-7cd2-48bd-9cee-51449ce87a25",
    "regionName" : "header",
    "type" : "region"
  }, {
    "components" : [ {
      "componentAttributes" : {
        "enableInlineEdit" : true,
        "filterName" : "{!filterId}",
        "layout" : "FULL",
        "pageSize" : 25,
        "scope" : "{!objectName}",
        "showActionBar" : true,
        "showChartsPanel" : true,
        "showDisplay" : "showall",
        "showFilterPanel" : true,
        "showImageIcon" : true,
        "showManualRefreshButton" : true,
        "showObjectName" : true,
        "showPinnedList" : true,
        "showSearchBar" : true
      },
      "componentName" : "forceCommunity:objectHome",
      "id" : "1982c3ff-7cd4-4290-8a6a-36fd44150265",
      "renderPriority" : "NEUTRAL",
      "renditionMap" : { },
      "type" : "component"
    } ],
    "id" : "6a6f531f-7659-414e-bdef-36d287c1cbcf",
    "regionName" : "content",
    "type" : "region"
  }, {
    "id" : "b5315c16-b25d-4d37-b47b-cc08b19b0ba4",
    "regionName" : "footer",
    "type" : "region"
  } ],
  "themeLayoutType" : "Inner",
  "type" : "view",
  "viewType" : "list"
}