<?xml version="1.0" encoding="UTF-8"?>
<FieldRestrictionRule xmlns="http://soap.sforce.com/2006/04/metadata">
    <active>true</active>
    <classification>PersonalInfo_EPIM</classification>
    <classificationType>FieldSet</classificationType>
    <description>Field Restriction Rule for Guest PersonalInfo_EPIM</description>
    <enforcementType>FieldRestrict</enforcementType>
    <masterLabel>Rulef56b320940b6cfb0658e692b39b5a9fb3ae1ca852bb5caa5568e95f5542f7a4a</masterLabel>
    <recordFilter>Id=&apos;NEVER_TRUE&apos;</recordFilter>
    <targetEntity>User</targetEntity>
    <userCriteria>CASE($User.UserType,&apos;Guest&apos;,1,0)=1</userCriteria>
    <version>0</version>
</FieldRestrictionRule>
