<?xml version="1.0" encoding="UTF-8"?>
<FieldRestrictionRule xmlns="http://soap.sforce.com/2006/04/metadata">
    <active>true</active>
    <classification>PersonalInfo_EPIM</classification>
    <classificationType>FieldSet</classificationType>
    <description>Field Restriction Rule for Guest PersonalInfo_EPIM</description>
    <enforcementType>FieldRestrict</enforcementType>
    <masterLabel>Rulef273d7418810586f7e3c05a32ac5c958400fd376b3fade83212dce0a9f4bd648</masterLabel>
    <recordFilter>Id=&apos;NEVER_TRUE&apos;</recordFilter>
    <targetEntity>User</targetEntity>
    <userCriteria>CASE($User.UserType,&apos;Guest&apos;,1,0)=1</userCriteria>
    <version>0</version>
</FieldRestrictionRule>
