<?xml version="1.0" encoding="UTF-8"?>
<CustomLabels xmlns="http://soap.sforce.com/2006/04/metadata">
    <labels>
        <fullName>About</fullName>
        <language>en_US</language>
        <protected>true</protected>
        <shortDescription>About</shortDescription>
        <value>About</value>
    </labels>
    <labels>
        <fullName>About_Donation_Experience</fullName>
        <language>en_US</language>
        <protected>true</protected>
        <shortDescription>About Donation Experience</shortDescription>
        <value>About the Donation Experience</value>
    </labels>
    <labels>
        <fullName>Account_Verified_Success</fullName>
        <language>en_US</language>
        <protected>true</protected>
        <shortDescription>Account Verified Success</shortDescription>
        <value>The account verified successfully!</value>
    </labels>
    <labels>
        <fullName>Address</fullName>
        <language>en_US</language>
        <protected>true</protected>
        <shortDescription>Address</shortDescription>
        <value>Address</value>
    </labels>
    <labels>
        <fullName>All</fullName>
        <language>en_US</language>
        <protected>true</protected>
        <shortDescription>All</shortDescription>
        <value>All</value>
    </labels>
    <labels>
        <fullName>Already_Have_An_Account</fullName>
        <language>en_US</language>
        <protected>true</protected>
        <shortDescription>Already Have An Account</shortDescription>
        <value>I already have an account</value>
    </labels>
    <labels>
        <fullName>Apply</fullName>
        <language>en_US</language>
        <protected>true</protected>
        <shortDescription>Apply</shortDescription>
        <value>Apply</value>
    </labels>
    <labels>
        <fullName>ATM_Locator</fullName>
        <language>en_US</language>
        <protected>true</protected>
        <shortDescription>ATM Locator</shortDescription>
        <value>ATM Locator</value>
    </labels>
    <labels>
        <fullName>Back</fullName>
        <language>en_US</language>
        <protected>true</protected>
        <shortDescription>Back</shortDescription>
        <value>Back</value>
    </labels>
    <labels>
        <fullName>Back_To_Centers</fullName>
        <language>en_US</language>
        <protected>true</protected>
        <shortDescription>Back To Centers</shortDescription>
        <value>Back to Centers</value>
    </labels>
    <labels>
        <fullName>Back_To_Donor_Tips</fullName>
        <language>en_US</language>
        <protected>true</protected>
        <shortDescription>Back To Donor Tips</shortDescription>
        <value>Back to Donor Tips</value>
    </labels>
    <labels>
        <fullName>Back_To_Homepage</fullName>
        <language>en_US</language>
        <protected>true</protected>
        <shortDescription>Back To Homepage</shortDescription>
        <value>Back to Homepage</value>
    </labels>
    <labels>
        <fullName>Back_To_Login</fullName>
        <language>en_US</language>
        <protected>true</protected>
        <shortDescription>Back To Login</shortDescription>
        <value>Back to Login</value>
    </labels>
    <labels>
        <fullName>Basic_Profile</fullName>
        <language>en_US</language>
        <protected>true</protected>
        <shortDescription>Basic Profile</shortDescription>
        <value>Basic Profile</value>
    </labels>
    <labels>
        <fullName>Buddy_Rewards</fullName>
        <language>en_US</language>
        <protected>true</protected>
        <shortDescription>Buddy Rewards</shortDescription>
        <value>Buddy Rewards</value>
    </labels>
    <labels>
        <fullName>Bus</fullName>
        <language>en_US</language>
        <protected>true</protected>
        <shortDescription>Bus</shortDescription>
        <value>Bus</value>
    </labels>
    <labels>
        <fullName>Cancel</fullName>
        <language>en_US</language>
        <protected>true</protected>
        <shortDescription>Cancel</shortDescription>
        <value>Cancel</value>
    </labels>
    <labels>
        <fullName>Car</fullName>
        <language>en_US</language>
        <protected>true</protected>
        <shortDescription>Car</shortDescription>
        <value>Car</value>
    </labels>
    <labels>
        <fullName>Center_Video</fullName>
        <language>en_US</language>
        <protected>true</protected>
        <shortDescription>Center Video</shortDescription>
        <value>Center Video</value>
    </labels>
    <labels>
        <fullName>Centers</fullName>
        <language>en_US</language>
        <protected>true</protected>
        <shortDescription>Centers</shortDescription>
        <value>Centers</value>
    </labels>
    <labels>
        <fullName>Change</fullName>
        <language>en_US</language>
        <protected>true</protected>
        <shortDescription>Change</shortDescription>
        <value>Change</value>
    </labels>
    <labels>
        <fullName>Change_Location</fullName>
        <language>en_US</language>
        <protected>true</protected>
        <shortDescription>Change Location</shortDescription>
        <value>Change Location</value>
    </labels>
    <labels>
        <fullName>Choose_A_Center</fullName>
        <language>en_US</language>
        <protected>true</protected>
        <shortDescription>Choose A Center</shortDescription>
        <value>Choose a Center</value>
    </labels>
    <labels>
        <fullName>Choose_Another_Center</fullName>
        <language>en_US</language>
        <protected>true</protected>
        <shortDescription>Choose Another Center</shortDescription>
        <value>Choose another center</value>
    </labels>
    <labels>
        <fullName>Choose_Date</fullName>
        <language>en_US</language>
        <protected>true</protected>
        <shortDescription>Choose Date</shortDescription>
        <value>Choose Date</value>
    </labels>
    <labels>
        <fullName>City</fullName>
        <language>en_US</language>
        <protected>true</protected>
        <shortDescription>City</shortDescription>
        <value>City</value>
    </labels>
    <labels>
        <fullName>Closed</fullName>
        <language>en_US</language>
        <protected>true</protected>
        <shortDescription>Closed</shortDescription>
        <value>Closed</value>
    </labels>
    <labels>
        <fullName>Confirm</fullName>
        <language>en_US</language>
        <protected>true</protected>
        <shortDescription>Confirm</shortDescription>
        <value>Confirm</value>
    </labels>
    <labels>
        <fullName>Confirm_Delete_Profile</fullName>
        <language>en_US</language>
        <protected>true</protected>
        <shortDescription>Confirm Delete Profile</shortDescription>
        <value>Are you sure you would like to delete your Profile?</value>
    </labels>
    <labels>
        <fullName>Confirm_Inactivate_Profile</fullName>
        <language>en_US</language>
        <protected>true</protected>
        <shortDescription>Confirm Inactivate Profile</shortDescription>
        <value>Are you sure you would like to inactivate your Profile?</value>
    </labels>
    <labels>
        <fullName>Confirm_Password</fullName>
        <language>en_US</language>
        <protected>true</protected>
        <shortDescription>Confirm Password</shortDescription>
        <value>Confirm Password</value>
    </labels>
    <labels>
        <fullName>Congratulations</fullName>
        <language>en_US</language>
        <protected>true</protected>
        <shortDescription>Congratulations</shortDescription>
        <value>Congratulations</value>
    </labels>
    <labels>
        <fullName>Contact_And_Support</fullName>
        <language>en_US</language>
        <protected>true</protected>
        <shortDescription>Contact And Support</shortDescription>
        <value>Contact &amp; Support</value>
    </labels>
        <labels>
        <fullName>Continue</fullName>
        <language>en_US</language>
        <protected>true</protected>
        <shortDescription>Continue</shortDescription>
        <value>Continue</value>
    </labels>
    <labels>
        <fullName>Copyright</fullName>
        <language>en_US</language>
        <protected>true</protected>
        <shortDescription>Copyright</shortDescription>
        <value>© {0} Proesis Limited. All rights reserved.</value>
    </labels>
    <labels>
        <fullName>Delete</fullName>
        <language>en_US</language>
        <protected>true</protected>
        <shortDescription>Delete</shortDescription>
        <value>Delete</value>
    </labels>
    <labels>
        <fullName>Delete_Profile</fullName>
        <language>en_US</language>
        <protected>true</protected>
        <shortDescription>Delete Profile</shortDescription>
        <value>Delete my Profile</value>
    </labels>
    <labels>
        <fullName>Delete_Profile_Confirmation</fullName>
        <language>en_US</language>
        <protected>true</protected>
        <shortDescription>Delete Profile Confirmation</shortDescription>
        <value>Please type your last name {0} below for confirmation to take this action.</value>
    </labels>
    <labels>
        <fullName>Delete_Profile_Instructions</fullName>
        <language>en_US</language>
        <protected>true</protected>
        <shortDescription>Delete Profile Instructions</shortDescription>
        <value>Deleting your Profile will remove you completely from the system, while inactivating your Profile will save time should you decide to enroll again.</value>
    </labels>
    <labels>
        <fullName>Donor_Exists</fullName>
        <language>en_US</language>
        <protected>true</protected>
        <shortDescription>Donor Exists</shortDescription>
        <value>Donor Exists</value>
    </labels>
    <labels>
        <fullName>Donor_Exists_Instructions</fullName>
        <language>en_US</language>
        <protected>true</protected>
        <shortDescription>Donor Exists Instructions</shortDescription>
        <value>A donor already exists with this email. Click &lt;b&gt;Continue&lt;/b&gt; below to proceed with setting a new password if you have lost your password. A verification email will be sent to &lt;b&gt;{0}&lt;/b&gt;.</value>
    </labels>
    <labels>
        <fullName>Donor_Tips</fullName>
        <language>en_US</language>
        <protected>true</protected>
        <shortDescription>Donor Tips</shortDescription>
        <value>Donor Tips</value>
    </labels>
    <labels>
        <fullName>Email</fullName>
        <language>en_US</language>
        <protected>true</protected>
        <shortDescription>Email</shortDescription>
        <value>Email</value>
    </labels>
    <labels>
        <fullName>English</fullName>
        <language>en_US</language>
        <protected>true</protected>
        <shortDescription>English</shortDescription>
        <value>English</value>
    </labels>
    <labels>
        <fullName>Enter_Code</fullName>
        <language>en_US</language>
        <protected>true</protected>
        <shortDescription>Enter Code</shortDescription>
        <value>Enter Code</value>
    </labels>
    <labels>
        <fullName>Enter_Password</fullName>
        <language>en_US</language>
        <protected>true</protected>
        <shortDescription>Enter Password</shortDescription>
        <value>Enter Password</value>
    </labels>
    <labels>
        <fullName>Error</fullName>
        <language>en_US</language>
        <protected>true</protected>
        <shortDescription>Error</shortDescription>
        <value>Error</value>
    </labels>
    <labels>
        <fullName>First_Name</fullName>
        <language>en_US</language>
        <protected>true</protected>
        <shortDescription>First Name</shortDescription>
        <value>First Name</value>
    </labels>
    <labels>
        <fullName>Forgot_Password</fullName>
        <language>en_US</language>
        <protected>true</protected>
        <shortDescription>Forgot Password</shortDescription>
        <value>Forgot Password?</value>
    </labels>
    <labels>
        <fullName>Friday</fullName>
        <language>en_US</language>
        <protected>true</protected>
        <shortDescription>Friday</shortDescription>
        <value>Friday</value>
    </labels>
    <labels>
        <fullName>Friday_Abbreviation</fullName>
        <language>en_US</language>
        <protected>true</protected>
        <shortDescription>Friday Abbreviation</shortDescription>
        <value>Fri</value>
    </labels>
    <labels>
        <fullName>Goals_Tracker</fullName>
        <language>en_US</language>
        <protected>true</protected>
        <shortDescription>Goals Tracker</shortDescription>
        <value>Goals Tracker</value>
    </labels>
    <labels>
        <fullName>Height</fullName>
        <language>en_US</language>
        <protected>true</protected>
        <shortDescription>Height</shortDescription>
        <value>Height</value>
    </labels>
    <labels>
        <fullName>Home</fullName>
        <language>en_US</language>
        <protected>true</protected>
        <shortDescription>Home</shortDescription>
        <value>Home</value>
    </labels>
    <labels>
        <fullName>Home_Phone</fullName>
        <language>en_US</language>
        <protected>true</protected>
        <shortDescription>Home Phone</shortDescription>
        <value>Home Phone</value>
    </labels>
    <labels>
        <fullName>How_Will_You_Get_To_Center</fullName>
        <language>en_US</language>
        <protected>true</protected>
        <shortDescription>How Will You Get To Center</shortDescription>
        <value>How will you get to the center?</value>
    </labels>
    <labels>
        <fullName>Incorrect_Code</fullName>
        <language>en_US</language>
        <protected>true</protected>
        <shortDescription>Incorrect Code</shortDescription>
        <value>Incorrect Code</value>
    </labels>
    <labels>
        <fullName>Incorrect_Code_Message</fullName>
        <language>en_US</language>
        <protected>true</protected>
        <shortDescription>Incorrect Code Message</shortDescription>
        <value>The code you entered is incorrect, please try again.</value>
    </labels>
    <labels>
        <fullName>Invalid_Zip_Code</fullName>
        <language>en_US</language>
        <protected>true</protected>
        <shortDescription>Invalid Zip Code</shortDescription>
        <value>Invalid zip code.</value>
    </labels>
    <labels>
        <fullName>Join_Us</fullName>
        <language>en_US</language>
        <protected>true</protected>
        <shortDescription>Join Us</shortDescription>
        <value>Join Us</value>
    </labels>
    <labels>
        <fullName>Last_Name</fullName>
        <language>en_US</language>
        <protected>true</protected>
        <shortDescription>Last Name</shortDescription>
        <value>Last Name</value>
    </labels>
    <labels>
        <fullName>Lead_Exists_Instructions</fullName>
        <language>en_US</language>
        <protected>true</protected>
        <shortDescription>Lead Exists Instructions</shortDescription>
        <value>A profile with this email already exists. Click &lt;b&gt;Continue&lt;/b&gt; below to proceed with verifying this is your email. A verification email will be sent to &lt;b&gt;{0}&lt;/b&gt;.</value>
    </labels>
    <labels>
        <fullName>Legal_Terms</fullName>
        <language>en_US</language>
        <protected>true</protected>
        <shortDescription>Legal Terms</shortDescription>
        <value>Legal Terms</value>
    </labels>
    <labels>
        <fullName>Legal_Terms_Link</fullName>
        <language>en_US</language>
        <protected>true</protected>
        <shortDescription>Legal Terms Link</shortDescription>
        <value>https://cloud.m.proesisbio.com/combined</value>
    </labels>
    <labels>
        <fullName>Login</fullName>
        <language>en_US</language>
        <protected>true</protected>
        <shortDescription>Login</shortDescription>
        <value>Login</value>
    </labels>
    <labels>
        <fullName>Logout</fullName>
        <language>en_US</language>
        <protected>true</protected>
        <shortDescription>Logout</shortDescription>
        <value>Log out</value>
    </labels>
    <labels>
        <fullName>Logout_Confirmation</fullName>
        <language>en_US</language>
        <protected>true</protected>
        <shortDescription>Logout Confirmation</shortDescription>
        <value>Are you sure that you want to log out?</value>
    </labels>
    <labels>
        <fullName>Lost_My_Card</fullName>
        <language>en_US</language>
        <protected>true</protected>
        <shortDescription>Lost My Card</shortDescription>
        <value>I lost my card</value>
    </labels>
    <labels>
        <fullName>Love_To_Hear_From_You</fullName>
        <language>en_US</language>
        <protected>true</protected>
        <shortDescription>Love To Hear From You</shortDescription>
        <value>We'd Love to Hear From You!</value>
    </labels>
    <labels>
        <fullName>Loyalty_Tiers</fullName>
        <language>en_US</language>
        <protected>true</protected>
        <shortDescription>Loyalty Tiers</shortDescription>
        <value>Loyalty Tiers</value>
    </labels>
    <labels>
        <fullName>Message</fullName>
        <language>en_US</language>
        <protected>true</protected>
        <shortDescription>Message</shortDescription>
        <value>Message</value>
    </labels>
    <labels>
        <fullName>Middle_Name</fullName>
        <language>en_US</language>
        <protected>true</protected>
        <shortDescription>Middle Name</shortDescription>
        <value>Middle Name</value>
    </labels>
    <labels>
        <fullName>Mobile_Phone</fullName>
        <language>en_US</language>
        <protected>true</protected>
        <shortDescription>Mobile Phone</shortDescription>
        <value>Mobile Phone</value>
    </labels>
    <labels>
        <fullName>Mobile_Phone_Requirements</fullName>
        <language>en_US</language>
        <protected>true</protected>
        <shortDescription>Mobile Phone Requirements</shortDescription>
        <value>Phone must be numeric only and in the format: xxx-xxx-xxxx.</value>
    </labels>
    <labels>
        <fullName>Monday</fullName>
        <language>en_US</language>
        <protected>true</protected>
        <shortDescription>Monday</shortDescription>
        <value>Monday</value>
    </labels>
    <labels>
        <fullName>Monday_Abbreviation</fullName>
        <language>en_US</language>
        <protected>true</protected>
        <shortDescription>Monday Abbreviation</shortDescription>
        <value>Mon</value>
    </labels>
    <labels>
        <fullName>My_Appointments</fullName>
        <language>en_US</language>
        <protected>true</protected>
        <shortDescription>My Appointments</shortDescription>
        <value>My Appointments</value>
    </labels>
    <labels>
        <fullName>My_Balance</fullName>
        <language>en_US</language>
        <protected>true</protected>
        <shortDescription>My Balance</shortDescription>
        <value>My Balance</value>
    </labels>
    <labels>
        <fullName>My_Donations</fullName>
        <language>en_US</language>
        <protected>true</protected>
        <shortDescription>My Donations</shortDescription>
        <value>My Donations</value>
    </labels>
    <labels>
        <fullName>My_Location</fullName>
        <language>en_US</language>
        <protected>true</protected>
        <shortDescription>My Location</shortDescription>
        <value>My Location</value>
    </labels>
    <labels>
        <fullName>My_Profile</fullName>
        <language>en_US</language>
        <protected>true</protected>
        <shortDescription>My Profile</shortDescription>
        <value>My Profile</value>
    </labels>
    <labels>
        <fullName>My_Rewards</fullName>
        <language>en_US</language>
        <protected>true</protected>
        <shortDescription>My Rewards</shortDescription>
        <value>My Rewards</value>
    </labels>
    <labels>
        <fullName>Next</fullName>
        <language>en_US</language>
        <protected>true</protected>
        <shortDescription>Next</shortDescription>
        <value>Next</value>
    </labels>
    <labels>
        <fullName>Nickname</fullName>
        <language>en_US</language>
        <protected>true</protected>
        <shortDescription>Nickname</shortDescription>
        <value>Nickname</value>
    </labels>
    <labels>
        <fullName>Notifications</fullName>
        <language>en_US</language>
        <protected>true</protected>
        <shortDescription>Notifications</shortDescription>
        <value>Notifications</value>
    </labels>
    <labels>
        <fullName>No_Payments_Yet</fullName>
        <language>en_US</language>
        <protected>true</protected>
        <shortDescription>No Payments Yet</shortDescription>
        <value>No payments yet...</value>
    </labels>
    <labels>
        <fullName>Password</fullName>
        <language>en_US</language>
        <protected>true</protected>
        <shortDescription>Password</shortDescription>
        <value>Password</value>
    </labels>
    <labels>
        <fullName>Password_Changed</fullName>
        <language>en_US</language>
        <protected>true</protected>
        <shortDescription>Password Changed</shortDescription>
        <value>Password successfully changed.</value>
    </labels>
    <labels>
        <fullName>Password_Requirements</fullName>
        <language>en_US</language>
        <protected>true</protected>
        <shortDescription>Password Requirements</shortDescription>
        <value>Password should consist of at least 8 characters: at least 1 lowercase, at least 1 uppercase, at least 1 number and at least 1 special character.</value>
    </labels>
    <labels>
        <fullName>Password_Too_Short</fullName>
        <language>en_US</language>
        <protected>true</protected>
        <shortDescription>Password Too Short</shortDescription>
        <value>Password is too short.</value>
    </labels>
    <labels>
        <fullName>Passwords_Dont_Match</fullName>
        <language>en_US</language>
        <protected>true</protected>
        <shortDescription>Passwords Don&apos;t Match</shortDescription>
        <value>Passwords don&apos;t match.</value>
    </labels>
    <labels>
        <fullName>Past</fullName>
        <language>en_US</language>
        <protected>true</protected>
        <shortDescription>Past</shortDescription>
        <value>Past</value>
    </labels>
    <labels>
        <fullName>Payment_History</fullName>
        <language>en_US</language>
        <protected>true</protected>
        <shortDescription>Payment History</shortDescription>
        <value>Payment History</value>
    </labels>
    <labels>
        <fullName>Per_Pt</fullName>
        <language>en_US</language>
        <protected>true</protected>
        <shortDescription>Per Pt</shortDescription>
        <value>per pt</value>
    </labels>
    <labels>
        <fullName>Personal_Card</fullName>
        <language>en_US</language>
        <protected>true</protected>
        <shortDescription>Personal Card</shortDescription>
        <value>Personal Card</value>
    </labels>
    <labels>
        <fullName>Personal_Information</fullName>
        <language>en_US</language>
        <protected>true</protected>
        <shortDescription>Personal Information</shortDescription>
        <value>Personal Information</value>
    </labels>
    <labels>
        <fullName>Phone</fullName>
        <language>en_US</language>
        <protected>true</protected>
        <shortDescription>Phone</shortDescription>
        <value>Phone</value>
    </labels>
    <labels>
        <fullName>Plasma_Donation_Saves_Lives</fullName>
        <language>en_US</language>
        <protected>true</protected>
        <shortDescription>Plasma Donation Saves Lives</shortDescription>
        <value>Plasma donation saves lives and helps you achieve your financial goals faster.</value>
    </labels>
    <labels>
        <fullName>Popular_Times</fullName>
        <language>en_US</language>
        <protected>true</protected>
        <shortDescription>Popular Times</shortDescription>
        <value>Popular Times</value>
    </labels>
    <labels>
        <fullName>Prefix</fullName>
        <language>en_US</language>
        <protected>true</protected>
        <shortDescription>Prefix</shortDescription>
        <value>Prefix</value>
    </labels>
    <labels>
        <fullName>Previous</fullName>
        <language>en_US</language>
        <protected>true</protected>
        <shortDescription>Previous</shortDescription>
        <value>Previous</value>
    </labels>
    <labels>
        <fullName>Primary_Center</fullName>
        <language>en_US</language>
        <protected>true</protected>
        <shortDescription>Primary Center</shortDescription>
        <value>Primary Center</value>
    </labels>
    <labels>
        <fullName>Primary_Language</fullName>
        <language>en_US</language>
        <protected>true</protected>
        <shortDescription>Primary Language</shortDescription>
        <value>Primary Language</value>
    </labels>
    <labels>
        <fullName>Profile_Change_Confirmation</fullName>
        <language>en_US</language>
        <protected>true</protected>
        <shortDescription>Profile Change - Confirmation</shortDescription>
        <value>Your request has been submitted and noted for your Visit scheduled on {0}. Please bring documentation with proof of change to this visit to change your information.</value>
    </labels>
    <labels>
        <fullName>Profile_Change_No_Visit</fullName>
        <language>en_US</language>
        <protected>true</protected>
        <shortDescription>Profile Change - No Visit</shortDescription>
        <value>You must schedule a Visit with Proesis to change your profile. Please schedule one now to make changes at your next Visit. You can request changes once you schedule a new visit.</value>
    </labels>
    <labels>
        <fullName>Recommended_To_You</fullName>
        <language>en_US</language>
        <protected>true</protected>
        <shortDescription>Recommended To You</shortDescription>
        <value>Recommended to you</value>
    </labels>
    <labels>
        <fullName>Remember_Me</fullName>
        <language>en_US</language>
        <protected>true</protected>
        <shortDescription>Remember Me</shortDescription>
        <value>Remember me</value>
    </labels>
    <labels>
        <fullName>Remove_Photo</fullName>
        <language>en_US</language>
        <protected>true</protected>
        <shortDescription>Remove Photo</shortDescription>
        <value>Remove photo</value>
    </labels>
    <labels>
        <fullName>Resend_Code</fullName>
        <language>en_US</language>
        <protected>true</protected>
        <shortDescription>Resend Code</shortDescription>
        <value>Resend Code</value>
    </labels>
    <labels>
        <fullName>Results_For</fullName>
        <language>en_US</language>
        <protected>true</protected>
        <shortDescription>Results For</shortDescription>
        <value>Results for:</value>
    </labels>
    <labels>
        <fullName>Rewards_Explained</fullName>
        <language>en_US</language>
        <protected>true</protected>
        <shortDescription>Rewards Explained</shortDescription>
        <value>Rewards Explained</value>
    </labels>
    <labels>
        <fullName>Rewards_Explanation</fullName>
        <language>en_US</language>
        <protected>true</protected>
        <shortDescription>Rewards Explanation</shortDescription>
        <value>Introducing the loyalty program. Keep track of your annual donations using the app, and earn more rewards. Reach Royal Status and earn the most amount of points and receive the best time spots.</value>
    </labels>
    <labels>
        <fullName>Saturday</fullName>
        <language>en_US</language>
        <protected>true</protected>
        <shortDescription>Saturday</shortDescription>
        <value>Saturday</value>
    </labels>
    <labels>
        <fullName>Saturday_Abbreviation</fullName>
        <language>en_US</language>
        <protected>true</protected>
        <shortDescription>Saturday Abbreviation</shortDescription>
        <value>Sat</value>
    </labels>
    <labels>
        <fullName>Save_Changes</fullName>
        <language>en_US</language>
        <protected>true</protected>
        <shortDescription>Save Changes</shortDescription>
        <value>Save Changes</value>
    </labels>
    <labels>
        <fullName>Saved</fullName>
        <language>en_US</language>
        <protected>true</protected>
        <shortDescription>Saved</shortDescription>
        <value>Saved</value>
    </labels>
    <labels>
        <fullName>Schedule</fullName>
        <language>en_US</language>
        <protected>true</protected>
        <shortDescription>Schedule</shortDescription>
        <value>Schedule</value>
    </labels>
    <labels>
        <fullName>Schedule_Appointment</fullName>
        <language>en_US</language>
        <protected>true</protected>
        <shortDescription>Schedule Appointment</shortDescription>
        <value>Schedule Appointment</value>
    </labels>
    <labels>
        <fullName>Schedule_Your_1st_Appointment</fullName>
        <language>en_US</language>
        <protected>true</protected>
        <shortDescription>Schedule Your 1st Appointment</shortDescription>
        <value>Schedule Your 1st Appointment</value>
    </labels>
    <labels>
        <fullName>Scheduled</fullName>
        <language>en_US</language>
        <protected>true</protected>
        <shortDescription>Scheduled</shortDescription>
        <value>Scheduled</value>
    </labels>
    <labels>
        <fullName>Select_Time_Slot</fullName>
        <language>en_US</language>
        <protected>true</protected>
        <shortDescription>Select Time Slot</shortDescription>
        <value>Select Time Slot</value>
    </labels>
    <labels>
        <fullName>Set_Goal</fullName>
        <language>en_US</language>
        <protected>true</protected>
        <shortDescription>Set Goal</shortDescription>
        <value>Set a Goal</value>
    </labels>
    <labels>
        <fullName>Set_New_Password</fullName>
        <language>en_US</language>
        <protected>true</protected>
        <shortDescription>Set New Password</shortDescription>
        <value>Set New Password</value>
    </labels>
    <labels>
        <fullName>Set_Your_Password</fullName>
        <language>en_US</language>
        <protected>true</protected>
        <shortDescription>Set Your Password</shortDescription>
        <value>Set Your Password</value>
    </labels>
    <labels>
        <fullName>Sign_Up</fullName>
        <language>en_US</language>
        <protected>true</protected>
        <shortDescription>Sign_Up</shortDescription>
        <value>Sign up</value>
    </labels>
    <labels>
        <fullName>Skip_For_Now</fullName>
        <language>en_US</language>
        <protected>true</protected>
        <shortDescription>Skip For Now</shortDescription>
        <value>Skip for now</value>
    </labels>
    <labels>
        <fullName>Social_Photo</fullName>
        <language>en_US</language>
        <protected>true</protected>
        <shortDescription>Profile Photo</shortDescription>
        <value>Profile Photo</value>
    </labels>
    <labels>
        <fullName>Spanish</fullName>
        <language>en_US</language>
        <protected>true</protected>
        <shortDescription>Spanish</shortDescription>
        <value>Spanish</value>
    </labels>
    <labels>
        <fullName>State</fullName>
        <language>en_US</language>
        <protected>true</protected>
        <shortDescription>State</shortDescription>
        <value>State</value>
    </labels>
    <labels>
        <fullName>Street_Address_1</fullName>
        <language>en_US</language>
        <protected>true</protected>
        <shortDescription>Street Address 1</shortDescription>
        <value>Street Address 1</value>
    </labels>
    <labels>
        <fullName>Street_Address_2</fullName>
        <language>en_US</language>
        <protected>true</protected>
        <shortDescription>Street Address 2</shortDescription>
        <value>Street Address 2</value>
    </labels>
    <labels>
        <fullName>Submit</fullName>
        <language>en_US</language>
        <protected>true</protected>
        <shortDescription>Submit</shortDescription>
        <value>Submit</value>
    </labels>
    <labels>
        <fullName>Success</fullName>
        <language>en_US</language>
        <protected>true</protected>
        <shortDescription>Success</shortDescription>
        <value>Success</value>
    </labels>
    <labels>
        <fullName>Suffix</fullName>
        <language>en_US</language>
        <protected>true</protected>
        <shortDescription>Suffix</shortDescription>
        <value>Suffix</value>
    </labels>
    <labels>
        <fullName>Support</fullName>
        <language>en_US</language>
        <protected>true</protected>
        <shortDescription>Support</shortDescription>
        <value>Support</value>
    </labels>
    <labels>
        <fullName>Support_Information</fullName>
        <language>en_US</language>
        <protected>true</protected>
        <shortDescription>Support Information</shortDescription>
        <value>If you're a new donor, current donor, job seeker, corporate partner, or are simply interested in learning more about our company, we want to hear from you. Send us a message using the form below, and we'll reply as soon as possible.</value>
    </labels>
    <labels>
        <fullName>Sunday</fullName>
        <language>en_US</language>
        <protected>true</protected>
        <shortDescription>Sunday</shortDescription>
        <value>Sunday</value>
    </labels>
    <labels>
        <fullName>Sunday_Abbreviation</fullName>
        <language>en_US</language>
        <protected>true</protected>
        <shortDescription>Sunday Abbreviation</shortDescription>
        <value>Sun</value>
    </labels>
    <labels>
        <fullName>Taxi</fullName>
        <language>en_US</language>
        <protected>true</protected>
        <shortDescription>Taxi</shortDescription>
        <value>Taxi</value>
    </labels>
    <labels>
        <fullName>Tell_Us_About_You</fullName>
        <language>en_US</language>
        <protected>true</protected>
        <shortDescription>Tell Us About You</shortDescription>
        <value>Tell us About You</value>
    </labels>
    <labels>
        <fullName>Thursday</fullName>
        <language>en_US</language>
        <protected>true</protected>
        <shortDescription>Thursday</shortDescription>
        <value>Thursday</value>
    </labels>
    <labels>
        <fullName>Thursday_Abbreviation</fullName>
        <language>en_US</language>
        <protected>true</protected>
        <shortDescription>Thursday Abbreviation</shortDescription>
        <value>Thu</value>
    </labels>
    <labels>
        <fullName>Times_Shown_In</fullName>
        <language>en_US</language>
        <protected>true</protected>
        <shortDescription>Times Shown In</shortDescription>
        <value>Times shown are in the {0} time zone.</value>
    </labels>
    <labels>
        <fullName>Time_Zone_Central</fullName>
        <language>en_US</language>
        <protected>true</protected>
        <shortDescription>Time Zone - Central</shortDescription>
        <value>Central</value>
    </labels>
    <labels>
        <fullName>Time_Zone_Eastern</fullName>
        <language>en_US</language>
        <protected>true</protected>
        <shortDescription>Time Zone - Eastern</shortDescription>
        <value>Eastern</value>
    </labels>
    <labels>
        <fullName>Track_Your_Progress</fullName>
        <language>en_US</language>
        <protected>true</protected>
        <shortDescription>Track Your Progress</shortDescription>
        <value>Track Your Progress</value>
    </labels>
    <labels>
        <fullName>Tuesday</fullName>
        <language>en_US</language>
        <protected>true</protected>
        <shortDescription>Tuesday</shortDescription>
        <value>Tuesday</value>
    </labels>
    <labels>
        <fullName>Tuesday_Abbreviation</fullName>
        <language>en_US</language>
        <protected>true</protected>
        <shortDescription>Tuesday Abbreviation</shortDescription>
        <value>Tue</value>
    </labels>
    <labels>
        <fullName>Updates_And_Appointments</fullName>
        <language>en_US</language>
        <protected>true</protected>
        <shortDescription>Updates &amp; Appointments</shortDescription>
        <value>Updates &amp; Appointments</value>
    </labels>
    <labels>
        <fullName>Upload_Another_Photo</fullName>
        <language>en_US</language>
        <protected>true</protected>
        <shortDescription>Upload Another Photo</shortDescription>
        <value>Upload another photo</value>
    </labels>
    <labels>
        <fullName>Verify_Code</fullName>
        <language>en_US</language>
        <protected>true</protected>
        <shortDescription>Verify Code</shortDescription>
        <value>Verify Code</value>
    </labels>
    <labels>
        <fullName>Verify_Email</fullName>
        <language>en_US</language>
        <protected>true</protected>
        <shortDescription>Verify Email</shortDescription>
        <value>Verify Email</value>
    </labels>
    <labels>
        <fullName>Verify_Email_Failed</fullName>
        <language>en_US</language>
        <protected>true</protected>
        <shortDescription>Verify Email Failed</shortDescription>
        <value>We cannot verify your email at this time. Please try again later.</value>
    </labels>
    <labels>
        <fullName>Verify_Email_Instructions</fullName>
        <language>en_US</language>
        <protected>true</protected>
        <shortDescription>Verify Email Instructions</shortDescription>
        <value>We sent you a verification code to your email &lt;strong&gt;{0}&lt;/strong&gt;. Please check and enter the code below.</value>
    </labels>
    <labels>
        <fullName>Verify_Phone</fullName>
        <language>en_US</language>
        <protected>true</protected>
        <shortDescription>Verify Phone</shortDescription>
        <value>Verify Phone Number</value>
    </labels>
    <labels>
        <fullName>Verify_Phone_Instructions</fullName>
        <language>en_US</language>
        <protected>true</protected>
        <shortDescription>Verify Phone Instructions</shortDescription>
        <value>We sent you a verification code to your mobile phone &lt;strong&gt;{0}&lt;/strong&gt;. Please check and enter the code below.</value>
    </labels>
    <labels>
        <fullName>Walk</fullName>
        <language>en_US</language>
        <protected>true</protected>
        <shortDescription>Walk</shortDescription>
        <value>Walk</value>
    </labels>
    <labels>
        <fullName>Watch_Video</fullName>
        <language>en_US</language>
        <protected>true</protected>
        <shortDescription>Watch Video</shortDescription>
        <value>Watch Video</value>
    </labels>
    <labels>
        <fullName>Wednesday</fullName>
        <language>en_US</language>
        <protected>true</protected>
        <shortDescription>Wednesday</shortDescription>
        <value>Wednesday</value>
    </labels>
    <labels>
        <fullName>Wednesday_Abbreviation</fullName>
        <language>en_US</language>
        <protected>true</protected>
        <shortDescription>Wednesday Abbreviation</shortDescription>
        <value>Wed</value>
    </labels>
    <labels>
        <fullName>Weight</fullName>
        <language>en_US</language>
        <protected>true</protected>
        <shortDescription>Weight</shortDescription>
        <value>Weight</value>
    </labels>
    <labels>
        <fullName>Welcome_To_Proesis</fullName>
        <language>en_US</language>
        <protected>true</protected>
        <shortDescription>Welcome To Proesis</shortDescription>
        <value>Welcome to Proesis</value>
    </labels>
    <labels>
        <fullName>Working_Hours</fullName>
        <language>en_US</language>
        <protected>true</protected>
        <shortDescription>Working Hours</shortDescription>
        <value>Working Hours</value>
    </labels>
    <labels>
        <fullName>Your_Health</fullName>
        <language>en_US</language>
        <protected>true</protected>
        <shortDescription>Your Health</shortDescription>
        <value>Your Health</value>
    </labels>
    <labels>
        <fullName>Zip_Code</fullName>
        <language>en_US</language>
        <protected>true</protected>
        <shortDescription>Zip Code</shortDescription>
        <value>Zip Code</value>
    </labels>
    <labels>
        <fullName>Point_Brand_Name</fullName>
        <language>en_US</language>
        <protected>true</protected>
        <shortDescription>PlasmaPoints</shortDescription>
        <value>PlasmaPoints</value>
    </labels>
    <labels>
        <fullName>Marketing_Communications_Ops_Text</fullName>
        <language>en_US</language>
        <protected>true</protected>
        <shortDescription>I agree to receive marketing communications from Proesis</shortDescription>
        <value>I agree to receive marketing communications from Proesis</value>
    </labels>
    <labels>
        <fullName>Schedule_Your_Appointment</fullName>
        <language>en_US</language>
        <protected>true</protected>
        <shortDescription>Schedule Your Appointment</shortDescription>
        <value>Schedule Your Appointment</value>
    </labels>
    <labels>
        <fullName>Per_Donation</fullName>
        <language>en_US</language>
        <protected>true</protected>
        <shortDescription>per Donation</shortDescription>
        <value>per Donation</value>
    </labels>
    <labels>
        <fullName>Wallet_Balance_Title</fullName>
        <language>en_US</language>
        <protected>true</protected>
        <shortDescription>Balance</shortDescription>
        <value>Balance</value>
    </labels>
    <labels>
        <fullName>Reschedule_Action</fullName>
        <language>en_US</language>
        <protected>true</protected>
        <shortDescription>Reschedule</shortDescription>
        <value>Reschedule</value>
    </labels>
    <labels>
        <fullName>Reschedule_Visit_Title</fullName>
        <language>en_US</language>
        <protected>true</protected>
        <shortDescription>Reschedule Visit</shortDescription>
        <value>Reschedule Visit</value>
    </labels>
    <labels>
        <fullName>Confirm_Visit_Cancel</fullName>
        <language>en_US</language>
        <protected>true</protected>
        <shortDescription>Please confirm below that you wish to cancel this visit.</shortDescription>
        <value>Please confirm below that you wish to cancel this visit.</value>
    </labels>
    <labels>
        <fullName>Confirm_Visit_Cancel_Action</fullName>
        <language>en_US</language>
        <protected>true</protected>
        <shortDescription>Confirm Cancellation</shortDescription>
        <value>Confirm Cancellation</value>
    </labels>
    <labels>
        <fullName>Visit_Cancel_Action</fullName>
        <language>en_US</language>
        <protected>true</protected>
        <shortDescription>Cancel Visit</shortDescription>
        <value>Cancel Visit</value>
    </labels>
    <labels>
        <fullName>Reschedule_Visit_Action</fullName>
        <language>en_US</language>
        <protected>true</protected>
        <shortDescription>Reschedule Visit</shortDescription>
        <value>Reschedule Visit</value>
    </labels>
    <labels>
        <fullName>Mobile_Visit_Actions</fullName>
        <language>en_US</language>
        <protected>true</protected>
        <shortDescription>Visit Actions</shortDescription>
        <value>Visit Actions</value>
    </labels>
    <labels>
        <fullName>Your_Balance_Label</fullName>
        <language>en_US</language>
        <protected>true</protected>
        <shortDescription>Your Balance</shortDescription>
        <value>Your Balance</value>
    </labels>
    <labels>
        <fullName>Center_Rate_Label</fullName>
        <language>en_US</language>
        <protected>true</protected>
        <shortDescription>Center Rate</shortDescription>
        <value>Center Rate</value>
    </labels>
    <labels>
        <fullName>Promotion_Chart_Description</fullName>
        <language>en_US</language>
        <protected>true</protected>
        <shortDescription>Here you can observe how many donations you need to reach the next level</shortDescription>
        <value>Here you can observe how many donations you need to reach the next level</value>
    </labels>
    <labels>
        <fullName>Visits_Remaining_For_Tier</fullName>
        <language>en_US</language>
        <protected>true</protected>
        <shortDescription>{0} Donations to get {1} status</shortDescription>
        <value>{0} Donations to get {1} status</value>
    </labels>
    <labels>
        <fullName>Donation_Payment_Message_Title</fullName>
        <language>en_US</language>
        <protected>true</protected>
        <shortDescription>Donation Payment</shortDescription>
        <value>Donation Payment</value>
    </labels>
    <labels>
        <fullName>Donation_Payment_Message_Body</fullName>
        <language>en_US</language>
        <protected>true</protected>
        <shortDescription>Message Body</shortDescription>
        <value>Thank you for donating plasma with Proesis Bio. We are grateful for your generosity in helping save the lives of patients who depend on plasma-derived medicines to treat life-threatening conditions. Navigate to My Rewards, Payment History to see details.</value>
    </labels>
    <labels>
        <fullName>Loyalty_Donation_Payment_Message_Title</fullName>
        <language>en_US</language>
        <protected>true</protected>
        <shortDescription>Donation with Loyalty Promotion Payment</shortDescription>
        <value>Donation with Loyalty Promotion Payment</value>
    </labels>
    <labels>
        <fullName>Loyalty_Donation_Payment_Message_Body</fullName>
        <language>en_US</language>
        <protected>true</protected>
        <shortDescription>Loyalty Message Body</shortDescription>
        <value>Thank you for donating plasma with Proesis Bio. Based on your frequent and valued plasma donations, your loyalty status has been upgraded, and you have received a bonus. Navigate to My Rewards, Payment History to see details.</value>
    </labels>
    <labels>
        <fullName>Rewards_Video_Title</fullName>
        <language>en_US</language>
        <protected>true</protected>
        <shortDescription>Rewards Video</shortDescription>
        <value>Rewards Video</value>
    </labels>
    <labels>
        <fullName>Rewards_Video_Link</fullName>
        <language>en_US</language>
        <protected>true</protected>
        <shortDescription>Rewards Video Link</shortDescription>
        <value>null</value>
    </labels>
    <labels>
        <fullName>Missing_Card_Message</fullName>
        <language>en_US</language>
        <protected>true</protected>
        <shortDescription>Missing Card Message</shortDescription>
        <value>No card has been set up for your account. Please schedule a visit to a center to get a payment card.</value>
    </labels>
    <labels>
        <fullName>Schedule_Visit_Action</fullName>
        <language>en_US</language>
        <protected>true</protected>
        <shortDescription>Schedule Visit Action Label</shortDescription>
        <value>Schedule Visit</value>
    </labels>
    <labels>
        <fullName>Learn_More_Section_Title</fullName>
        <language>en_US</language>
        <protected>true</protected>
        <shortDescription>Learn More</shortDescription>
        <value>Learn More</value>
    </labels>
    <labels>
        <fullName>New_Donor_Section_Title</fullName>
        <language>en_US</language>
        <protected>true</protected>
        <shortDescription>New Donor</shortDescription>
        <value>New Donor</value>
    </labels>
    <labels>
        <fullName>Donor_Tip_DonorIdReqs_Text</fullName>
        <language>en_US</language>
        <protected>true</protected>
        <shortDescription>Donor ID Requirements</shortDescription>
        <value>Donor ID Requirements</value>
    </labels>
    <labels>
        <fullName>Donor_Tip_DonorIdReqs_VideoId</fullName>
        <language>en_US</language>
        <protected>true</protected>
        <shortDescription>Donor Tip DonorIdReqs VideoId</shortDescription>
        <value>https://www.youtube.com/embed/ufgmm33CW_s</value>
    </labels>
    <labels>
        <fullName>Donor_Tip_ApptRules_Text</fullName>
        <language>en_US</language>
        <protected>true</protected>
        <shortDescription>Appointment Rules</shortDescription>
        <value>Appointment Rules</value>
    </labels>
    <labels>
        <fullName>Donor_Tip_ApptRules_VideoId</fullName>
        <language>en_US</language>
        <protected>true</protected>
        <shortDescription>https://www.youtube.com/embed/zuNA9p-WTDk</shortDescription>
        <value>https://www.youtube.com/embed/zuNA9p-WTDk</value>
    </labels>
    <labels>
        <fullName>Donor_Tip_DonationProcess_Text</fullName>
        <language>en_US</language>
        <protected>true</protected>
        <shortDescription>The Donation Process</shortDescription>
        <value>The Donation Process</value>
    </labels>
    <labels>
        <fullName>Donor_Tip_DonationProcess_VideoId</fullName>
        <language>en_US</language>
        <protected>true</protected>
        <shortDescription>https://www.youtube.com/embed/LkchqBcVp8s</shortDescription>
        <value>https://www.youtube.com/embed/LkchqBcVp8s</value>
    </labels>
    <labels>
        <fullName>Donor_Tip_FirstAppointment_Text</fullName>
        <language>en_US</language>
        <protected>true</protected>
        <shortDescription>1st Appointment Expectations</shortDescription>
        <value>1st Appointment Expectations</value>
    </labels>
    <labels>
        <fullName>Donor_Tip_FirstAppointment_VideoId</fullName>
        <language>en_US</language>
        <protected>true</protected>
        <shortDescription>Donor Tip FirstAppointment VideoId</shortDescription>
        <value>https://www.youtube.com/embed/0mXqnJl9P-k</value>
    </labels>
    <labels>
        <fullName>Donor_Tip_HealthHistory_Text</fullName>
        <language>en_US</language>
        <protected>true</protected>
        <shortDescription>Health History Questionnaire</shortDescription>
        <value>Health History Questionnaire</value>
    </labels>
    <labels>
        <fullName>Donor_Tip_HealthHistory_VideoId</fullName>
        <language>en_US</language>
        <protected>true</protected>
        <shortDescription>Donor Tip HealthHistory VideoId</shortDescription>
        <value>https://www.youtube.com/embed/7WM8H5ssycU</value>
    </labels>
    <labels>
        <fullName>Donor_Tip_LoyaltyProgram_Text</fullName>
        <language>en_US</language>
        <protected>true</protected>
        <shortDescription>Loyalty Program Overview</shortDescription>
        <value>Loyalty Program Overview</value>
    </labels>
    <labels>
        <fullName>Donor_Tip_LoyaltyProgram_VideoId</fullName>
        <language>en_US</language>
        <protected>true</protected>
        <shortDescription>https://www.youtube.com/embed/iVX0MW6WP0U</shortDescription>
        <value>https://www.youtube.com/embed/iVX0MW6WP0U</value>
    </labels>
    <labels>
        <fullName>Donor_Tip_HealthHistoryOnline_Text</fullName>
        <language>en_US</language>
        <protected>true</protected>
        <shortDescription>Health History Online</shortDescription>
        <value>Health History Online</value>
    </labels>
    <labels>
        <fullName>Donor_Tip_HealthHistoryOnline_VideoId</fullName>
        <language>en_US</language>
        <protected>true</protected>
        <shortDescription>https://www.youtube.com/embed/rzLx8Xay2WY</shortDescription>
        <value>https://www.youtube.com/embed/rzLx8Xay2WY</value>
    </labels>
    <labels>
        <fullName>Donor_Tip_RedeemingPoints_Text</fullName>
        <language>en_US</language>
        <protected>true</protected>
        <shortDescription>Redeeming PlasmaPoints</shortDescription>
        <value>Redeeming PlasmaPoints</value>
    </labels>
    <labels>
        <fullName>Donor_Tip_RedeemingPoints_VideoId</fullName>
        <language>en_US</language>
        <protected>true</protected>
        <shortDescription>https://www.youtube.com/embed/cH-bmEHGBOs</shortDescription>
        <value>https://www.youtube.com/embed/cH-bmEHGBOs</value>
    </labels>
    <labels>
        <fullName>Donor_Tip_DonationDay_Text</fullName>
        <language>en_US</language>
        <protected>true</protected>
        <shortDescription>It's Donation Day</shortDescription>
        <value>It's Donation Day</value>
    </labels>
    <labels>
        <fullName>Donor_Tip_DonationDay_VideoId</fullName>
        <language>en_US</language>
        <protected>true</protected>
        <shortDescription>Donor Tip DonationDay VideoId</shortDescription>
        <value>https://www.youtube.com/embed/m_b_iGjr3p8</value>
    </labels>
    <labels>
        <fullName>Transaction_View_Details</fullName>
        <language>en_US</language>
        <protected>true</protected>
        <shortDescription>View Details</shortDescription>
        <value>View Details</value>
    </labels>
    <labels>
        <fullName>Transaction_Column_Item</fullName>
        <language>en_US</language>
        <protected>true</protected>
        <shortDescription>Item</shortDescription>
        <value>Item</value>
    </labels>
    <labels>
        <fullName>Transaction_Column_Currency</fullName>
        <language>en_US</language>
        <protected>true</protected>
        <shortDescription>Currency</shortDescription>
        <value>Currency</value>
    </labels>
    <labels>
        <fullName>Welcome_To_Westmore_VideoId</fullName>
        <language>en_US</language>
        <protected>true</protected>
        <shortDescription>Welcome To Westmore VideoId</shortDescription>
        <value>https://www.youtube.com/embed/Kv9In6AxGyo</value>
    </labels>
</CustomLabels>
