<?xml version="1.0" encoding="UTF-8"?>
<CspTrustedSite xmlns="http://soap.sforce.com/2006/04/metadata">
    <context>All</context>
    <endpointUrl>https://*.proesisbio.com</endpointUrl>
    <isActive>true</isActive>
    <isApplicableToConnectSrc>false</isApplicableToConnectSrc>
    <isApplicableToFontSrc>false</isApplicableToFontSrc>
    <isApplicableToFrameSrc>true</isApplicableToFrameSrc>
    <isApplicableToImgSrc>false</isApplicableToImgSrc>
    <isApplicableToMediaSrc>false</isApplicableToMediaSrc>
    <isApplicableToStyleSrc>false</isApplicableToStyleSrc>
</CspTrustedSite>
