<?xml version="1.0" encoding="UTF-8"?>
<FlexiPage xmlns="http://soap.sforce.com/2006/04/metadata">
    <description>The default org wide record page for Appointment__c and for Proesis internal applications.</description>
    <flexiPageRegions>
        <itemInstances>
            <componentInstance>
                <componentInstanceProperties>
                    <name>collapsed</name>
                    <value>false</value>
                </componentInstanceProperties>
                <componentInstanceProperties>
                    <name>enableActionsConfiguration</name>
                    <value>false</value>
                </componentInstanceProperties>
                <componentInstanceProperties>
                    <name>enableActionsInNative</name>
                    <value>false</value>
                </componentInstanceProperties>
                <componentInstanceProperties>
                    <name>hideChatterActions</name>
                    <value>false</value>
                </componentInstanceProperties>
                <componentInstanceProperties>
                    <name>numVisibleActions</name>
                    <value>3</value>
                </componentInstanceProperties>
                <componentName>force:highlightsPanel</componentName>
                <identifier>force_highlightsPanel</identifier>
            </componentInstance>
        </itemInstances>
        <itemInstances>
            <componentInstance>
                <componentInstanceProperties>
                    <name>hideHeader</name>
                    <value>false</value>
                </componentInstanceProperties>
                <componentName>force:relatedListQuickLinksContainer</componentName>
                <identifier>force_relatedListQuickLinksContainer</identifier>
            </componentInstance>
        </itemInstances>
        <name>header</name>
        <type>Region</type>
    </flexiPageRegions>
    <flexiPageRegions>
        <itemInstances>
            <componentInstance>
                <componentName>force:detailPanel</componentName>
                <identifier>force_detailPanel</identifier>
            </componentInstance>
        </itemInstances>
        <name>Facet-a5fb778a-8346-4541-b987-346de2f5b22a</name>
        <type>Facet</type>
    </flexiPageRegions>
    <flexiPageRegions>
        <itemInstances>
            <componentInstance>
                <componentInstanceProperties>
                    <name>relatedListComponentOverride</name>
                    <value>NONE</value>
                </componentInstanceProperties>
                <componentInstanceProperties>
                    <name>rowsToDisplay</name>
                    <value>10</value>
                </componentInstanceProperties>
                <componentInstanceProperties>
                    <name>showActionBar</name>
                    <value>true</value>
                </componentInstanceProperties>
                <componentName>force:relatedListContainer</componentName>
                <identifier>force_relatedListContainer</identifier>
            </componentInstance>
        </itemInstances>
        <name>Facet-ac333559-8ff2-478f-b34f-de243b01712f</name>
        <type>Facet</type>
    </flexiPageRegions>
    <flexiPageRegions>
        <itemInstances>
            <componentInstance>
                <componentInstanceProperties>
                    <name>active</name>
                    <value>true</value>
                </componentInstanceProperties>
                <componentInstanceProperties>
                    <name>body</name>
                    <value>Facet-a5fb778a-8346-4541-b987-346de2f5b22a</value>
                </componentInstanceProperties>
                <componentInstanceProperties>
                    <name>title</name>
                    <value>Standard.Tab.detail</value>
                </componentInstanceProperties>
                <componentName>flexipage:tab</componentName>
                <identifier>flexipage_tab2</identifier>
            </componentInstance>
        </itemInstances>
        <itemInstances>
            <componentInstance>
                <componentInstanceProperties>
                    <name>active</name>
                    <value>false</value>
                </componentInstanceProperties>
                <componentInstanceProperties>
                    <name>body</name>
                    <value>Facet-ac333559-8ff2-478f-b34f-de243b01712f</value>
                </componentInstanceProperties>
                <componentInstanceProperties>
                    <name>title</name>
                    <value>Standard.Tab.relatedLists</value>
                </componentInstanceProperties>
                <componentName>flexipage:tab</componentName>
                <identifier>flexipage_tab</identifier>
            </componentInstance>
        </itemInstances>
        <name>Facet-e4149442-8cb5-4eb3-88fc-9a66f32313d4</name>
        <type>Facet</type>
    </flexiPageRegions>
    <flexiPageRegions>
        <itemInstances>
            <componentInstance>
                <componentInstanceProperties>
                    <name>tabs</name>
                    <value>Facet-e4149442-8cb5-4eb3-88fc-9a66f32313d4</value>
                </componentInstanceProperties>
                <componentName>flexipage:tabset</componentName>
                <identifier>flexipage_tabset</identifier>
            </componentInstance>
        </itemInstances>
        <name>main</name>
        <type>Region</type>
    </flexiPageRegions>
    <flexiPageRegions>
        <itemInstances>
            <componentInstance>
                <componentName>runtime_sales_activities:activityPanel</componentName>
                <identifier>runtime_sales_activities_activityPanel</identifier>
            </componentInstance>
        </itemInstances>
        <name>Facet-839a7541-7531-4e30-a06a-885e2b2f6505</name>
        <type>Facet</type>
    </flexiPageRegions>
    <flexiPageRegions>
        <itemInstances>
            <componentInstance>
                <componentInstanceProperties>
                    <name>active</name>
                    <value>true</value>
                </componentInstanceProperties>
                <componentInstanceProperties>
                    <name>body</name>
                    <value>Facet-839a7541-7531-4e30-a06a-885e2b2f6505</value>
                </componentInstanceProperties>
                <componentInstanceProperties>
                    <name>title</name>
                    <value>Standard.Tab.activity</value>
                </componentInstanceProperties>
                <componentName>flexipage:tab</componentName>
                <identifier>flexipage_tab3</identifier>
            </componentInstance>
        </itemInstances>
        <name>Facet-a9bc2d95-1b7a-45ee-bef6-5b20db08cbfb</name>
        <type>Facet</type>
    </flexiPageRegions>
    <flexiPageRegions>
        <itemInstances>
            <componentInstance>
                <componentInstanceProperties>
                    <name>tabs</name>
                    <value>Facet-a9bc2d95-1b7a-45ee-bef6-5b20db08cbfb</value>
                </componentInstanceProperties>
                <componentName>flexipage:tabset</componentName>
                <identifier>flexipage_tabset2</identifier>
            </componentInstance>
        </itemInstances>
        <name>sidebar</name>
        <type>Region</type>
    </flexiPageRegions>
    <masterLabel>Appointment Org Wide Record Page</masterLabel>
    <sobjectType>Appointment__c</sobjectType>
    <template>
        <name>flexipage:recordHomeTemplateDesktop</name>
        <properties>
            <name>enablePageActionConfig</name>
            <value>false</value>
        </properties>
    </template>
    <type>RecordPage</type>
</FlexiPage>
