<?xml version="1.0" encoding="UTF-8"?>
<FlexiPage xmlns="http://soap.sforce.com/2006/04/metadata">
    <flexiPageRegions>
        <itemInstances>
            <componentInstance>
                <componentName>console:history</componentName>
                <identifier>console_history</identifier>
            </componentInstance>
        </itemInstances>
        <itemInstances>
            <componentInstance>
                <componentInstanceProperties>
                    <name>eager</name>
                    <type>decorator</type>
                    <value>false</value>
                </componentInstanceProperties>
                <componentInstanceProperties>
                    <name>enableInlineEdit</name>
                    <value>true</value>
                </componentInstanceProperties>
                <componentInstanceProperties>
                    <name>entityName</name>
                    <value>Campaign</value>
                </componentInstanceProperties>
                <componentInstanceProperties>
                    <name>filterName</name>
                    <value>All</value>
                </componentInstanceProperties>
                <componentInstanceProperties>
                    <name>height</name>
                    <type>decorator</type>
                    <value>480</value>
                </componentInstanceProperties>
                <componentInstanceProperties>
                    <name>hideActionBar</name>
                    <value>false</value>
                </componentInstanceProperties>
                <componentInstanceProperties>
                    <name>hideSearchBar</name>
                    <value>false</value>
                </componentInstanceProperties>
                <componentInstanceProperties>
                    <name>icon</name>
                    <type>decorator</type>
                    <value>anywhere_alert</value>
                </componentInstanceProperties>
                <componentInstanceProperties>
                    <name>label</name>
                    <type>decorator</type>
                    <value>Campaigns</value>
                </componentInstanceProperties>
                <componentInstanceProperties>
                    <name>pageSize</name>
                    <value>3</value>
                </componentInstanceProperties>
                <componentInstanceProperties>
                    <name>scrollable</name>
                    <type>decorator</type>
                    <value>true</value>
                </componentInstanceProperties>
                <componentInstanceProperties>
                    <name>width</name>
                    <type>decorator</type>
                    <value>340</value>
                </componentInstanceProperties>
                <componentName>flexipage:filterListCard</componentName>
                <identifier>flexipage_filterListCard</identifier>
            </componentInstance>
        </itemInstances>
        <itemInstances>
            <componentInstance>
                <componentInstanceProperties>
                    <name>eager</name>
                    <type>decorator</type>
                    <value>false</value>
                </componentInstanceProperties>
                <componentInstanceProperties>
                    <name>enableInlineEdit</name>
                    <value>true</value>
                </componentInstanceProperties>
                <componentInstanceProperties>
                    <name>entityName</name>
                    <value>Lead</value>
                </componentInstanceProperties>
                <componentInstanceProperties>
                    <name>filterName</name>
                    <value>All</value>
                </componentInstanceProperties>
                <componentInstanceProperties>
                    <name>height</name>
                    <type>decorator</type>
                    <value>480</value>
                </componentInstanceProperties>
                <componentInstanceProperties>
                    <name>hideActionBar</name>
                    <value>false</value>
                </componentInstanceProperties>
                <componentInstanceProperties>
                    <name>hideSearchBar</name>
                    <value>false</value>
                </componentInstanceProperties>
                <componentInstanceProperties>
                    <name>icon</name>
                    <type>decorator</type>
                    <value>people</value>
                </componentInstanceProperties>
                <componentInstanceProperties>
                    <name>label</name>
                    <type>decorator</type>
                    <value>Leads</value>
                </componentInstanceProperties>
                <componentInstanceProperties>
                    <name>pageSize</name>
                    <value>3</value>
                </componentInstanceProperties>
                <componentInstanceProperties>
                    <name>scrollable</name>
                    <type>decorator</type>
                    <value>true</value>
                </componentInstanceProperties>
                <componentInstanceProperties>
                    <name>width</name>
                    <type>decorator</type>
                    <value>340</value>
                </componentInstanceProperties>
                <componentName>flexipage:filterListCard</componentName>
                <identifier>flexipage_filterListCard2</identifier>
            </componentInstance>
        </itemInstances>
        <itemInstances>
            <componentInstance>
                <componentInstanceProperties>
                    <name>eager</name>
                    <type>decorator</type>
                    <value>false</value>
                </componentInstanceProperties>
                <componentInstanceProperties>
                    <name>enableInlineEdit</name>
                    <value>true</value>
                </componentInstanceProperties>
                <componentInstanceProperties>
                    <name>entityName</name>
                    <value>Task</value>
                </componentInstanceProperties>
                <componentInstanceProperties>
                    <name>filterName</name>
                    <value>OpenTasks</value>
                </componentInstanceProperties>
                <componentInstanceProperties>
                    <name>height</name>
                    <type>decorator</type>
                    <value>480</value>
                </componentInstanceProperties>
                <componentInstanceProperties>
                    <name>hideActionBar</name>
                    <value>false</value>
                </componentInstanceProperties>
                <componentInstanceProperties>
                    <name>hideSearchBar</name>
                    <value>false</value>
                </componentInstanceProperties>
                <componentInstanceProperties>
                    <name>icon</name>
                    <type>decorator</type>
                    <value>multi_select_checkbox</value>
                </componentInstanceProperties>
                <componentInstanceProperties>
                    <name>label</name>
                    <type>decorator</type>
                    <value>To Do List</value>
                </componentInstanceProperties>
                <componentInstanceProperties>
                    <name>pageSize</name>
                    <value>3</value>
                </componentInstanceProperties>
                <componentInstanceProperties>
                    <name>scrollable</name>
                    <type>decorator</type>
                    <value>true</value>
                </componentInstanceProperties>
                <componentInstanceProperties>
                    <name>width</name>
                    <type>decorator</type>
                    <value>340</value>
                </componentInstanceProperties>
                <componentName>flexipage:filterListCard</componentName>
                <identifier>flexipage_filterListCard3</identifier>
            </componentInstance>
        </itemInstances>
        <name>utilityItems</name>
        <type>Region</type>
    </flexiPageRegions>
    <flexiPageRegions>
        <name>backgroundComponents</name>
        <type>Background</type>
    </flexiPageRegions>
    <masterLabel>Proesis Marketing UtilityBar</masterLabel>
    <template>
        <name>one:utilityBarTemplateDesktop</name>
        <properties>
            <name>isLeftAligned</name>
            <value>true</value>
        </properties>
    </template>
    <type>UtilityBar</type>
</FlexiPage>
