<?xml version="1.0" encoding="UTF-8"?>
<FlexiPage xmlns="http://soap.sforce.com/2006/04/metadata">
    <flexiPageRegions>
        <itemInstances>
            <componentInstance>
                <componentName>console:history</componentName>
                <identifier>console_history</identifier>
            </componentInstance>
        </itemInstances>
        <itemInstances>
            <componentInstance>
                <componentInstanceProperties>
                    <name>eager</name>
                    <type>decorator</type>
                    <value>false</value>
                </componentInstanceProperties>
                <componentInstanceProperties>
                    <name>enableInlineEdit</name>
                    <value>true</value>
                </componentInstanceProperties>
                <componentInstanceProperties>
                    <name>entityName</name>
                    <value>Account</value>
                </componentInstanceProperties>
                <componentInstanceProperties>
                    <name>filterName</name>
                    <value>Proesis_Centers</value>
                </componentInstanceProperties>
                <componentInstanceProperties>
                    <name>height</name>
                    <type>decorator</type>
                    <value>480</value>
                </componentInstanceProperties>
                <componentInstanceProperties>
                    <name>hideActionBar</name>
                    <value>false</value>
                </componentInstanceProperties>
                <componentInstanceProperties>
                    <name>hideSearchBar</name>
                    <value>false</value>
                </componentInstanceProperties>
                <componentInstanceProperties>
                    <name>icon</name>
                    <type>decorator</type>
                    <value>location</value>
                </componentInstanceProperties>
                <componentInstanceProperties>
                    <name>label</name>
                    <type>decorator</type>
                    <value>Centers</value>
                </componentInstanceProperties>
                <componentInstanceProperties>
                    <name>pageSize</name>
                    <value>3</value>
                </componentInstanceProperties>
                <componentInstanceProperties>
                    <name>scrollable</name>
                    <type>decorator</type>
                    <value>true</value>
                </componentInstanceProperties>
                <componentInstanceProperties>
                    <name>width</name>
                    <type>decorator</type>
                    <value>340</value>
                </componentInstanceProperties>
                <componentName>flexipage:filterListCard</componentName>
                <identifier>flexipage_filterListCard</identifier>
            </componentInstance>
        </itemInstances>
        <itemInstances>
            <componentInstance>
                <componentInstanceProperties>
                    <name>eager</name>
                    <type>decorator</type>
                    <value>false</value>
                </componentInstanceProperties>
                <componentInstanceProperties>
                    <name>enableInlineEdit</name>
                    <value>true</value>
                </componentInstanceProperties>
                <componentInstanceProperties>
                    <name>entityName</name>
                    <value>Account</value>
                </componentInstanceProperties>
                <componentInstanceProperties>
                    <name>filterName</name>
                    <value>Donors</value>
                </componentInstanceProperties>
                <componentInstanceProperties>
                    <name>height</name>
                    <type>decorator</type>
                    <value>480</value>
                </componentInstanceProperties>
                <componentInstanceProperties>
                    <name>hideActionBar</name>
                    <value>false</value>
                </componentInstanceProperties>
                <componentInstanceProperties>
                    <name>hideSearchBar</name>
                    <value>false</value>
                </componentInstanceProperties>
                <componentInstanceProperties>
                    <name>icon</name>
                    <type>decorator</type>
                    <value>user</value>
                </componentInstanceProperties>
                <componentInstanceProperties>
                    <name>label</name>
                    <type>decorator</type>
                    <value>Donors</value>
                </componentInstanceProperties>
                <componentInstanceProperties>
                    <name>pageSize</name>
                    <value>3</value>
                </componentInstanceProperties>
                <componentInstanceProperties>
                    <name>scrollable</name>
                    <type>decorator</type>
                    <value>true</value>
                </componentInstanceProperties>
                <componentInstanceProperties>
                    <name>width</name>
                    <type>decorator</type>
                    <value>340</value>
                </componentInstanceProperties>
                <componentName>flexipage:filterListCard</componentName>
                <identifier>flexipage_filterListCard2</identifier>
            </componentInstance>
        </itemInstances>
        <itemInstances>
            <componentInstance>
                <componentName>runtime_sales_todo_list:unifiedToDoListAuraWrapper</componentName>
                <identifier>runtime_sales_todo_list_unifiedToDoListAuraWrapper</identifier>
            </componentInstance>
        </itemInstances>
        <name>utilityItems</name>
        <type>Region</type>
    </flexiPageRegions>
    <flexiPageRegions>
        <name>backgroundComponents</name>
        <type>Background</type>
    </flexiPageRegions>
    <masterLabel>Proesis Center Management UtilityBar</masterLabel>
    <template>
        <name>one:utilityBarTemplateDesktop</name>
        <properties>
            <name>isLeftAligned</name>
            <value>true</value>
        </properties>
    </template>
    <type>UtilityBar</type>
</FlexiPage>
