<?xml version="1.0" encoding="UTF-8"?>
<FlexiPage xmlns="http://soap.sforce.com/2006/04/metadata">
    <description>The default org wide record page for Transaction and internal Proesis apps.</description>
    <flexiPageRegions>
        <itemInstances>
            <componentInstance>
                <componentInstanceProperties>
                    <name>actionNames</name>
                    <valueList>
                        <valueListItems>
                            <value>Transaction__c.Retry_Transaction</value>
                            <visibilityRule>
                                <booleanFilter>1 AND 2 AND 3</booleanFilter>
                                <criteria>
                                    <leftValue>{!Record.Type__c}</leftValue>
                                    <operator>EQUAL</operator>
                                    <rightValue>Debit</rightValue>
                                </criteria>
                                <criteria>
                                    <leftValue>{!Record.Status__c}</leftValue>
                                    <operator>EQUAL</operator>
                                    <rightValue>Error</rightValue>
                                </criteria>
                                <criteria>
                                    <leftValue>{!$Permission.CustomPermission.Center_Manager_Actions}</leftValue>
                                    <operator>EQUAL</operator>
                                    <rightValue>true</rightValue>
                                </criteria>
                            </visibilityRule>
                        </valueListItems>
                        <valueListItems>
                            <value>Transaction__c.Mark_as_manual_payment</value>
                            <visibilityRule>
                                <booleanFilter>1 AND 2 AND 3</booleanFilter>
                                <criteria>
                                    <leftValue>{!Record.Type__c}</leftValue>
                                    <operator>EQUAL</operator>
                                    <rightValue>Debit</rightValue>
                                </criteria>
                                <criteria>
                                    <leftValue>{!$Permission.CustomPermission.Center_Manager_Actions}</leftValue>
                                    <operator>EQUAL</operator>
                                    <rightValue>true</rightValue>
                                </criteria>
                                <criteria>
                                    <leftValue>{!Record.Status__c}</leftValue>
                                    <operator>NE</operator>
                                    <rightValue>Complete</rightValue>
                                </criteria>
                            </visibilityRule>
                        </valueListItems>
                        <valueListItems>
                            <value>Edit</value>
                        </valueListItems>
                        <valueListItems>
                            <value>Clone</value>
                        </valueListItems>
                    </valueList>
                </componentInstanceProperties>
                <componentInstanceProperties>
                    <name>collapsed</name>
                    <value>false</value>
                </componentInstanceProperties>
                <componentInstanceProperties>
                    <name>enableActionsConfiguration</name>
                    <value>true</value>
                </componentInstanceProperties>
                <componentInstanceProperties>
                    <name>enableActionsInNative</name>
                    <value>true</value>
                </componentInstanceProperties>
                <componentInstanceProperties>
                    <name>hideChatterActions</name>
                    <value>false</value>
                </componentInstanceProperties>
                <componentInstanceProperties>
                    <name>numVisibleActions</name>
                    <value>3</value>
                </componentInstanceProperties>
                <componentName>force:highlightsPanel</componentName>
                <identifier>force_highlightsPanel</identifier>
            </componentInstance>
        </itemInstances>
        <itemInstances>
            <componentInstance>
                <componentInstanceProperties>
                    <name>hideHeader</name>
                    <value>false</value>
                </componentInstanceProperties>
                <componentName>force:relatedListQuickLinksContainer</componentName>
                <identifier>force_relatedListQuickLinksContainer</identifier>
            </componentInstance>
        </itemInstances>
        <name>header</name>
        <type>Region</type>
    </flexiPageRegions>
    <flexiPageRegions>
        <itemInstances>
            <componentInstance>
                <componentName>force:detailPanel</componentName>
                <identifier>force_detailPanel</identifier>
            </componentInstance>
        </itemInstances>
        <name>main</name>
        <type>Region</type>
    </flexiPageRegions>
    <flexiPageRegions>
        <name>sidebar</name>
        <type>Region</type>
    </flexiPageRegions>
    <masterLabel>Transaction Org Wide Record Page</masterLabel>
    <sobjectType>Transaction__c</sobjectType>
    <template>
        <name>flexipage:recordHomeTemplateDesktop</name>
        <properties>
            <name>enablePageActionConfig</name>
            <value>false</value>
        </properties>
    </template>
    <type>RecordPage</type>
</FlexiPage>
