<?xml version="1.0" encoding="UTF-8"?>
<Audience xmlns="http://soap.sforce.com/2006/04/metadata">
    <audienceName>Authenticated</audienceName>
    <container>Proesis Donor</container>
    <criteria>
        <criterion>
            <criteriaNumber>1</criteriaNumber>
            <criterionValue>
                <entityField>Profile.Name</entityField>
                <entityType>User</entityType>
                <fieldValue>ProesisCustomerLoginMinimumAccess</fieldValue>
            </criterionValue>
            <operator>Equal</operator>
            <type>FieldBased</type>
        </criterion>
    </criteria>
    <formulaFilterType>AllCriteriaMatch</formulaFilterType>
    <isDefaultAudience>false</isDefaultAudience>
</Audience>
