<?xml version="1.0" encoding="UTF-8"?>
<ConnectedApp xmlns="http://soap.sforce.com/2006/04/metadata">
  <contactEmail>tim@ccurrents.com</contactEmail>
  <label>Donor API</label>
  <oauthConfig>
    <callbackUrl>https://business-data-2654.scratch.my.salesforce.com/oauth2/callback</callbackUrl>
    <isAdminApproved>false</isAdminApproved>
    <isClientCredentialEnabled>false</isClientCredentialEnabled>
    <isCodeCredentialEnabled>false</isCodeCredentialEnabled>
    <isCodeCredentialPostOnly>false</isCodeCredentialPostOnly>
    <isConsumerSecretOptional>false</isConsumerSecretOptional>
    <isIntrospectAllTokens>false</isIntrospectAllTokens>
    <isSecretRequiredForRefreshToken>true</isSecretRequiredForRefreshToken>
    <scopes>Full</scopes>
    <scopes>OpenID</scopes>
    <scopes>RefreshToken</scopes>
  </oauthConfig>
  <oauthPolicy>
    <ipRelaxation>BYPASS</ipRelaxation>
    <refreshTokenPolicy>infinite</refreshTokenPolicy>
  </oauthPolicy>
</ConnectedApp>