<?xml version="1.0" encoding="UTF-8"?>
<CustomApplication xmlns="http://soap.sforce.com/2006/04/metadata">
    <actionOverrides>
        <actionName>View</actionName>
        <comment>Action override created by Lightning App Builder during activation.</comment>
        <content>Payment_Request_Org_Wide_Record_Page</content>
        <formFactor>Small</formFactor>
        <skipRecordTypeSelect>false</skipRecordTypeSelect>
        <type>Flexipage</type>
        <pageOrSobjectType>Payment_Request__c</pageOrSobjectType>
    </actionOverrides>
    <actionOverrides>
        <actionName>View</actionName>
        <comment>Action override created by Lightning App Builder during activation.</comment>
        <content>Payment_Request_Org_Wide_Record_Page</content>
        <formFactor>Large</formFactor>
        <skipRecordTypeSelect>false</skipRecordTypeSelect>
        <type>Flexipage</type>
        <pageOrSobjectType>Payment_Request__c</pageOrSobjectType>
    </actionOverrides>
    <brand>
        <headerColor>#0070D2</headerColor>
        <logo>ProesisAppLogoSquare</logo>
        <logoVersion>1</logoVersion>
        <shouldOverrideOrgTheme>false</shouldOverrideOrgTheme>
    </brand>
    <description>Proesis all center objects</description>
    <formFactors>Small</formFactors>
    <formFactors>Large</formFactors>
    <isNavAutoTempTabsDisabled>false</isNavAutoTempTabsDisabled>
    <isNavPersonalizationDisabled>false</isNavPersonalizationDisabled>
    <isNavTabPersistenceDisabled>false</isNavTabPersistenceDisabled>
    <label>Proesis Call Center</label>
    <navType>Standard</navType>
    <tabs>standard-home</tabs>
    <tabs>standard-Account</tabs>
    <tabs>standard-Case</tabs>
    <tabs>Center_Scheduler</tabs>
    <tabs>standard-File</tabs>
    <tabs>standard-EmailTemplate</tabs>
    <tabs>standard-ListEmail</tabs>
    <tabs>standard-report</tabs>
    <tabs>standard-Dashboard</tabs>
    <uiType>Lightning</uiType>
    <utilityBar>Proesis_Call_Center_UtilityBar</utilityBar>
</CustomApplication>
