{
  "cmsSettings" : { },
  "currentThemeId" : "f9f5a322-6dd4-44dc-87a9-5ad9a0178b2b",
  "headMarkup" : "<style>\n    html {\n        background-color: #f5f0ff !important;\n    }\n\n    .cCenterPanel {\n        padding: 0px;\n        margin: 0px;\n    }\n\n    .contentRegion {\n        padding: 0 !important;\n    }\n\n    .slds-form-element__label {\n        color: #000 !important;\n    }\n\n    .slds-tabs_default__link {\n        text-decoration: none !important;\n    }\n\n    .slds-backdrop {\n        background-color: #5c3e99 !important;\n    }\n\n    .modal-spinner .slds-spinner_container{\n        background-color: #f5f0ff !important;\n    }\n</style>\n\n<script>\n    // ----------------------------------------------------------------\n    // Prevent auto-zooming on iOS when input fields receive focus.\n    // ----------------------------------------------------------------\n\n    let setViewportAttempts = 0;\n\n    function setViewport() {\n        // Only attempt to set viewport 10 times.\n        // It's necessary to attempt it multiple times because the viewport <meta> element isn't in the DOM initially.\n        // Presumably it's getting added dynamically by Javascript so this code needs to wait until it's there to update it.\n        if (setViewportAttempts === 10) {\n            return;\n        }\n\n        setViewportAttempts++;\n\n        setTimeout(() => {\n            let viewPortElement = document.querySelector('meta[name=\"viewport\"]');\n            if (viewPortElement) {\n                viewPortElement.setAttribute('content', 'initial-scale=1.0, maximum-scale=1.0, minimum-scale=1.0, minimal-ui');\n            } else {\n                setViewport();\n            }\n        }, 100);\n    }\n\n    setViewport();\n\n    // ----------------------------------------------------------------\n</script>",
  "id" : "eaf007f1-0530-49e3-8eea-3f8422079ea7",
  "isLockerServiceEnabled" : true,
  "isRelaxedCSPLevel" : true,
  "label" : "main",
  "templateName" : "Starter Template",
  "type" : "appPage"
}